-- =============================================
-- Application: Sample 21 - Tab Framework
-- Version 10.8, January 9, 2023
--
-- Copyright 2021-2023 Gartle LLC
--
-- License: MIT
-- =============================================

SET NOCOUNT ON
GO

SET IDENTITY_INSERT tab.tables ON;
INSERT INTO tab.tables (id, table_schema, table_name, store_formulas, protect_rows, do_not_save) VALUES (1, N's21', N'accounts', NULL, 1, NULL);
INSERT INTO tab.tables (id, table_schema, table_name, store_formulas, protect_rows, do_not_save) VALUES (2, N's21', N'items', NULL, NULL, NULL);
INSERT INTO tab.tables (id, table_schema, table_name, store_formulas, protect_rows, do_not_save) VALUES (3, N's21', N'companies', NULL, NULL, NULL);
INSERT INTO tab.tables (id, table_schema, table_name, store_formulas, protect_rows, do_not_save) VALUES (4, N's21', N'cashbook', 1, NULL, NULL);
SET IDENTITY_INSERT tab.tables OFF;
GO

SET IDENTITY_INSERT tab.columns ON;
INSERT INTO tab.columns (id, table_id, name, column_id, type_id, max_length, value_table_id, value_column_id, parameter_name, translation_supported, do_not_change) VALUES (1, 1, N'name', 1, 231, 50, NULL, NULL, NULL, 1, NULL);
INSERT INTO tab.columns (id, table_id, name, column_id, type_id, max_length, value_table_id, value_column_id, parameter_name, translation_supported, do_not_change) VALUES (6, 2, N'name', 1, 231, 50, NULL, NULL, NULL, 1, 1);
INSERT INTO tab.columns (id, table_id, name, column_id, type_id, max_length, value_table_id, value_column_id, parameter_name, translation_supported, do_not_change) VALUES (7, 3, N'name', 1, 231, 50, NULL, NULL, NULL, 1, NULL);
INSERT INTO tab.columns (id, table_id, name, column_id, type_id, max_length, value_table_id, value_column_id, parameter_name, translation_supported, do_not_change) VALUES (12, 4, N'date', 1, 40, NULL, NULL, NULL, N'p4', NULL, NULL);
INSERT INTO tab.columns (id, table_id, name, column_id, type_id, max_length, value_table_id, value_column_id, parameter_name, translation_supported, do_not_change) VALUES (13, 4, N'account_id', 2, 56, NULL, 1, 1, N'p1', NULL, NULL);
INSERT INTO tab.columns (id, table_id, name, column_id, type_id, max_length, value_table_id, value_column_id, parameter_name, translation_supported, do_not_change) VALUES (14, 4, N'item_id', 3, 56, NULL, 2, 6, N'p2', NULL, NULL);
INSERT INTO tab.columns (id, table_id, name, column_id, type_id, max_length, value_table_id, value_column_id, parameter_name, translation_supported, do_not_change) VALUES (15, 4, N'company_id', 4, 56, NULL, 3, 7, N'p3', NULL, NULL);
INSERT INTO tab.columns (id, table_id, name, column_id, type_id, max_length, value_table_id, value_column_id, parameter_name, translation_supported, do_not_change) VALUES (16, 4, N'debit', 5, 60, NULL, NULL, NULL, NULL, NULL, NULL);
INSERT INTO tab.columns (id, table_id, name, column_id, type_id, max_length, value_table_id, value_column_id, parameter_name, translation_supported, do_not_change) VALUES (17, 4, N'credit', 6, 60, NULL, NULL, NULL, NULL, NULL, NULL);
SET IDENTITY_INSERT tab.columns OFF;
GO

SET IDENTITY_INSERT tab.rows ON;
INSERT INTO tab.rows (id, table_id, cell_formulas, cell_comments) VALUES (1, 1, NULL, NULL);
INSERT INTO tab.rows (id, table_id, cell_formulas, cell_comments) VALUES (2, 2, NULL, NULL);
INSERT INTO tab.rows (id, table_id, cell_formulas, cell_comments) VALUES (3, 2, NULL, NULL);
INSERT INTO tab.rows (id, table_id, cell_formulas, cell_comments) VALUES (4, 2, NULL, NULL);
INSERT INTO tab.rows (id, table_id, cell_formulas, cell_comments) VALUES (5, 2, NULL, NULL);
INSERT INTO tab.rows (id, table_id, cell_formulas, cell_comments) VALUES (6, 3, NULL, NULL);
INSERT INTO tab.rows (id, table_id, cell_formulas, cell_comments) VALUES (7, 3, NULL, NULL);
INSERT INTO tab.rows (id, table_id, cell_formulas, cell_comments) VALUES (8, 3, NULL, NULL);
INSERT INTO tab.rows (id, table_id, cell_formulas, cell_comments) VALUES (9, 3, NULL, NULL);
INSERT INTO tab.rows (id, table_id, cell_formulas, cell_comments) VALUES (10, 3, NULL, NULL);
INSERT INTO tab.rows (id, table_id, cell_formulas, cell_comments) VALUES (11, 3, NULL, NULL);
INSERT INTO tab.rows (id, table_id, cell_formulas, cell_comments) VALUES (12, 3, NULL, NULL);
INSERT INTO tab.rows (id, table_id, cell_formulas, cell_comments) VALUES (13, 3, NULL, NULL);
INSERT INTO tab.rows (id, table_id, cell_formulas, cell_comments) VALUES (14, 3, NULL, NULL);
INSERT INTO tab.rows (id, table_id, cell_formulas, cell_comments) VALUES (15, 3, NULL, NULL);
INSERT INTO tab.rows (id, table_id, cell_formulas, cell_comments) VALUES (16, 3, NULL, NULL);
INSERT INTO tab.rows (id, table_id, cell_formulas, cell_comments) VALUES (17, 3, NULL, NULL);
INSERT INTO tab.rows (id, table_id, cell_formulas, cell_comments) VALUES (18, 3, NULL, NULL);
INSERT INTO tab.rows (id, table_id, cell_formulas, cell_comments) VALUES (19, 3, NULL, NULL);
INSERT INTO tab.rows (id, table_id, cell_formulas, cell_comments) VALUES (20, 3, NULL, NULL);
INSERT INTO tab.rows (id, table_id, cell_formulas, cell_comments) VALUES (21, 3, NULL, NULL);
INSERT INTO tab.rows (id, table_id, cell_formulas, cell_comments) VALUES (22, 3, NULL, NULL);
INSERT INTO tab.rows (id, table_id, cell_formulas, cell_comments) VALUES (23, 4, NULL, NULL);
INSERT INTO tab.rows (id, table_id, cell_formulas, cell_comments) VALUES (24, 4, NULL, NULL);
INSERT INTO tab.rows (id, table_id, cell_formulas, cell_comments) VALUES (25, 4, NULL, NULL);
INSERT INTO tab.rows (id, table_id, cell_formulas, cell_comments) VALUES (26, 4, NULL, NULL);
INSERT INTO tab.rows (id, table_id, cell_formulas, cell_comments) VALUES (27, 4, NULL, NULL);
INSERT INTO tab.rows (id, table_id, cell_formulas, cell_comments) VALUES (28, 4, NULL, NULL);
INSERT INTO tab.rows (id, table_id, cell_formulas, cell_comments) VALUES (29, 4, NULL, NULL);
INSERT INTO tab.rows (id, table_id, cell_formulas, cell_comments) VALUES (30, 4, NULL, NULL);
INSERT INTO tab.rows (id, table_id, cell_formulas, cell_comments) VALUES (31, 4, NULL, NULL);
INSERT INTO tab.rows (id, table_id, cell_formulas, cell_comments) VALUES (32, 4, NULL, NULL);
INSERT INTO tab.rows (id, table_id, cell_formulas, cell_comments) VALUES (33, 4, NULL, NULL);
INSERT INTO tab.rows (id, table_id, cell_formulas, cell_comments) VALUES (34, 4, NULL, NULL);
INSERT INTO tab.rows (id, table_id, cell_formulas, cell_comments) VALUES (35, 4, NULL, NULL);
INSERT INTO tab.rows (id, table_id, cell_formulas, cell_comments) VALUES (36, 4, NULL, NULL);
INSERT INTO tab.rows (id, table_id, cell_formulas, cell_comments) VALUES (37, 4, NULL, NULL);
INSERT INTO tab.rows (id, table_id, cell_formulas, cell_comments) VALUES (38, 4, NULL, NULL);
INSERT INTO tab.rows (id, table_id, cell_formulas, cell_comments) VALUES (39, 4, NULL, NULL);
INSERT INTO tab.rows (id, table_id, cell_formulas, cell_comments) VALUES (40, 4, NULL, NULL);
INSERT INTO tab.rows (id, table_id, cell_formulas, cell_comments) VALUES (41, 4, NULL, NULL);
INSERT INTO tab.rows (id, table_id, cell_formulas, cell_comments) VALUES (42, 4, NULL, NULL);
INSERT INTO tab.rows (id, table_id, cell_formulas, cell_comments) VALUES (43, 4, NULL, NULL);
SET IDENTITY_INSERT tab.rows OFF;
GO

INSERT INTO tab.cells (row_id, column_id, value) VALUES (1, 1, N'Bank');
INSERT INTO tab.cells (row_id, column_id, value) VALUES (3, 6, N'Expenses');
INSERT INTO tab.cells (row_id, column_id, value) VALUES (4, 6, N'Payroll');
INSERT INTO tab.cells (row_id, column_id, value) VALUES (2, 6, N'Revenue');
INSERT INTO tab.cells (row_id, column_id, value) VALUES (5, 6, N'Taxes');
INSERT INTO tab.cells (row_id, column_id, value) VALUES (20, 7, N'Corporate Income Tax');
INSERT INTO tab.cells (row_id, column_id, value) VALUES (6, 7, N'Customer C1');
INSERT INTO tab.cells (row_id, column_id, value) VALUES (7, 7, N'Customer C2');
INSERT INTO tab.cells (row_id, column_id, value) VALUES (8, 7, N'Customer C3');
INSERT INTO tab.cells (row_id, column_id, value) VALUES (9, 7, N'Customer C4');
INSERT INTO tab.cells (row_id, column_id, value) VALUES (10, 7, N'Customer C5');
INSERT INTO tab.cells (row_id, column_id, value) VALUES (11, 7, N'Customer C6');
INSERT INTO tab.cells (row_id, column_id, value) VALUES (12, 7, N'Customer C7');
INSERT INTO tab.cells (row_id, column_id, value) VALUES (21, 7, N'Individual Income Tax');
INSERT INTO tab.cells (row_id, column_id, value) VALUES (22, 7, N'Payroll Taxes');
INSERT INTO tab.cells (row_id, column_id, value) VALUES (13, 7, N'Supplier S1');
INSERT INTO tab.cells (row_id, column_id, value) VALUES (14, 7, N'Supplier S2');
INSERT INTO tab.cells (row_id, column_id, value) VALUES (15, 7, N'Supplier S3');
INSERT INTO tab.cells (row_id, column_id, value) VALUES (16, 7, N'Supplier S4');
INSERT INTO tab.cells (row_id, column_id, value) VALUES (17, 7, N'Supplier S5');
INSERT INTO tab.cells (row_id, column_id, value) VALUES (18, 7, N'Supplier S6');
INSERT INTO tab.cells (row_id, column_id, value) VALUES (19, 7, N'Supplier S7');
INSERT INTO tab.cells (row_id, column_id, value) VALUES (23, 12, CAST('2023-01-10' AS date));
INSERT INTO tab.cells (row_id, column_id, value) VALUES (24, 12, CAST('2023-01-10' AS date));
INSERT INTO tab.cells (row_id, column_id, value) VALUES (25, 12, CAST('2023-01-31' AS date));
INSERT INTO tab.cells (row_id, column_id, value) VALUES (26, 12, CAST('2023-01-31' AS date));
INSERT INTO tab.cells (row_id, column_id, value) VALUES (27, 12, CAST('2023-01-31' AS date));
INSERT INTO tab.cells (row_id, column_id, value) VALUES (28, 12, CAST('2023-02-10' AS date));
INSERT INTO tab.cells (row_id, column_id, value) VALUES (29, 12, CAST('2023-02-10' AS date));
INSERT INTO tab.cells (row_id, column_id, value) VALUES (30, 12, CAST('2023-02-10' AS date));
INSERT INTO tab.cells (row_id, column_id, value) VALUES (31, 12, CAST('2023-02-10' AS date));
INSERT INTO tab.cells (row_id, column_id, value) VALUES (32, 12, CAST('2023-02-28' AS date));
INSERT INTO tab.cells (row_id, column_id, value) VALUES (33, 12, CAST('2023-02-28' AS date));
INSERT INTO tab.cells (row_id, column_id, value) VALUES (34, 12, CAST('2023-02-28' AS date));
INSERT INTO tab.cells (row_id, column_id, value) VALUES (35, 12, CAST('2023-03-10' AS date));
INSERT INTO tab.cells (row_id, column_id, value) VALUES (36, 12, CAST('2023-03-10' AS date));
INSERT INTO tab.cells (row_id, column_id, value) VALUES (37, 12, CAST('2023-03-10' AS date));
INSERT INTO tab.cells (row_id, column_id, value) VALUES (38, 12, CAST('2023-03-15' AS date));
INSERT INTO tab.cells (row_id, column_id, value) VALUES (39, 12, CAST('2023-03-31' AS date));
INSERT INTO tab.cells (row_id, column_id, value) VALUES (40, 12, CAST('2023-03-31' AS date));
INSERT INTO tab.cells (row_id, column_id, value) VALUES (41, 12, CAST('2023-03-31' AS date));
INSERT INTO tab.cells (row_id, column_id, value) VALUES (42, 12, CAST('2023-03-31' AS date));
INSERT INTO tab.cells (row_id, column_id, value) VALUES (43, 12, CAST('2023-03-31' AS date));
INSERT INTO tab.cells (row_id, column_id, value) VALUES (23, 13, CAST(1 AS int));
INSERT INTO tab.cells (row_id, column_id, value) VALUES (24, 13, CAST(1 AS int));
INSERT INTO tab.cells (row_id, column_id, value) VALUES (25, 13, CAST(1 AS int));
INSERT INTO tab.cells (row_id, column_id, value) VALUES (26, 13, CAST(1 AS int));
INSERT INTO tab.cells (row_id, column_id, value) VALUES (27, 13, CAST(1 AS int));
INSERT INTO tab.cells (row_id, column_id, value) VALUES (28, 13, CAST(1 AS int));
INSERT INTO tab.cells (row_id, column_id, value) VALUES (29, 13, CAST(1 AS int));
INSERT INTO tab.cells (row_id, column_id, value) VALUES (30, 13, CAST(1 AS int));
INSERT INTO tab.cells (row_id, column_id, value) VALUES (31, 13, CAST(1 AS int));
INSERT INTO tab.cells (row_id, column_id, value) VALUES (32, 13, CAST(1 AS int));
INSERT INTO tab.cells (row_id, column_id, value) VALUES (33, 13, CAST(1 AS int));
INSERT INTO tab.cells (row_id, column_id, value) VALUES (34, 13, CAST(1 AS int));
INSERT INTO tab.cells (row_id, column_id, value) VALUES (35, 13, CAST(1 AS int));
INSERT INTO tab.cells (row_id, column_id, value) VALUES (36, 13, CAST(1 AS int));
INSERT INTO tab.cells (row_id, column_id, value) VALUES (37, 13, CAST(1 AS int));
INSERT INTO tab.cells (row_id, column_id, value) VALUES (38, 13, CAST(1 AS int));
INSERT INTO tab.cells (row_id, column_id, value) VALUES (39, 13, CAST(1 AS int));
INSERT INTO tab.cells (row_id, column_id, value) VALUES (40, 13, CAST(1 AS int));
INSERT INTO tab.cells (row_id, column_id, value) VALUES (41, 13, CAST(1 AS int));
INSERT INTO tab.cells (row_id, column_id, value) VALUES (42, 13, CAST(1 AS int));
INSERT INTO tab.cells (row_id, column_id, value) VALUES (43, 13, CAST(1 AS int));
INSERT INTO tab.cells (row_id, column_id, value) VALUES (23, 14, CAST(2 AS int));
INSERT INTO tab.cells (row_id, column_id, value) VALUES (28, 14, CAST(2 AS int));
INSERT INTO tab.cells (row_id, column_id, value) VALUES (29, 14, CAST(2 AS int));
INSERT INTO tab.cells (row_id, column_id, value) VALUES (35, 14, CAST(2 AS int));
INSERT INTO tab.cells (row_id, column_id, value) VALUES (36, 14, CAST(2 AS int));
INSERT INTO tab.cells (row_id, column_id, value) VALUES (37, 14, CAST(2 AS int));
INSERT INTO tab.cells (row_id, column_id, value) VALUES (24, 14, CAST(3 AS int));
INSERT INTO tab.cells (row_id, column_id, value) VALUES (30, 14, CAST(3 AS int));
INSERT INTO tab.cells (row_id, column_id, value) VALUES (31, 14, CAST(3 AS int));
INSERT INTO tab.cells (row_id, column_id, value) VALUES (42, 14, CAST(3 AS int));
INSERT INTO tab.cells (row_id, column_id, value) VALUES (43, 14, CAST(3 AS int));
INSERT INTO tab.cells (row_id, column_id, value) VALUES (25, 14, CAST(4 AS int));
INSERT INTO tab.cells (row_id, column_id, value) VALUES (32, 14, CAST(4 AS int));
INSERT INTO tab.cells (row_id, column_id, value) VALUES (39, 14, CAST(4 AS int));
INSERT INTO tab.cells (row_id, column_id, value) VALUES (26, 14, CAST(5 AS int));
INSERT INTO tab.cells (row_id, column_id, value) VALUES (27, 14, CAST(5 AS int));
INSERT INTO tab.cells (row_id, column_id, value) VALUES (33, 14, CAST(5 AS int));
INSERT INTO tab.cells (row_id, column_id, value) VALUES (34, 14, CAST(5 AS int));
INSERT INTO tab.cells (row_id, column_id, value) VALUES (38, 14, CAST(5 AS int));
INSERT INTO tab.cells (row_id, column_id, value) VALUES (40, 14, CAST(5 AS int));
INSERT INTO tab.cells (row_id, column_id, value) VALUES (41, 14, CAST(5 AS int));
INSERT INTO tab.cells (row_id, column_id, value) VALUES (25, 15, NULL);
INSERT INTO tab.cells (row_id, column_id, value) VALUES (32, 15, NULL);
INSERT INTO tab.cells (row_id, column_id, value) VALUES (39, 15, NULL);
INSERT INTO tab.cells (row_id, column_id, value) VALUES (23, 15, CAST(6 AS int));
INSERT INTO tab.cells (row_id, column_id, value) VALUES (28, 15, CAST(6 AS int));
INSERT INTO tab.cells (row_id, column_id, value) VALUES (35, 15, CAST(6 AS int));
INSERT INTO tab.cells (row_id, column_id, value) VALUES (29, 15, CAST(7 AS int));
INSERT INTO tab.cells (row_id, column_id, value) VALUES (36, 15, CAST(7 AS int));
INSERT INTO tab.cells (row_id, column_id, value) VALUES (37, 15, CAST(8 AS int));
INSERT INTO tab.cells (row_id, column_id, value) VALUES (24, 15, CAST(13 AS int));
INSERT INTO tab.cells (row_id, column_id, value) VALUES (31, 15, CAST(13 AS int));
INSERT INTO tab.cells (row_id, column_id, value) VALUES (43, 15, CAST(13 AS int));
INSERT INTO tab.cells (row_id, column_id, value) VALUES (30, 15, CAST(14 AS int));
INSERT INTO tab.cells (row_id, column_id, value) VALUES (42, 15, CAST(14 AS int));
INSERT INTO tab.cells (row_id, column_id, value) VALUES (38, 15, CAST(20 AS int));
INSERT INTO tab.cells (row_id, column_id, value) VALUES (26, 15, CAST(21 AS int));
INSERT INTO tab.cells (row_id, column_id, value) VALUES (33, 15, CAST(21 AS int));
INSERT INTO tab.cells (row_id, column_id, value) VALUES (40, 15, CAST(21 AS int));
INSERT INTO tab.cells (row_id, column_id, value) VALUES (27, 15, CAST(22 AS int));
INSERT INTO tab.cells (row_id, column_id, value) VALUES (34, 15, CAST(22 AS int));
INSERT INTO tab.cells (row_id, column_id, value) VALUES (41, 15, CAST(22 AS int));
INSERT INTO tab.cells (row_id, column_id, value) VALUES (24, 16, NULL);
INSERT INTO tab.cells (row_id, column_id, value) VALUES (25, 16, NULL);
INSERT INTO tab.cells (row_id, column_id, value) VALUES (26, 16, NULL);
INSERT INTO tab.cells (row_id, column_id, value) VALUES (27, 16, NULL);
INSERT INTO tab.cells (row_id, column_id, value) VALUES (30, 16, NULL);
INSERT INTO tab.cells (row_id, column_id, value) VALUES (31, 16, NULL);
INSERT INTO tab.cells (row_id, column_id, value) VALUES (32, 16, NULL);
INSERT INTO tab.cells (row_id, column_id, value) VALUES (33, 16, NULL);
INSERT INTO tab.cells (row_id, column_id, value) VALUES (34, 16, NULL);
INSERT INTO tab.cells (row_id, column_id, value) VALUES (38, 16, NULL);
INSERT INTO tab.cells (row_id, column_id, value) VALUES (39, 16, NULL);
INSERT INTO tab.cells (row_id, column_id, value) VALUES (40, 16, NULL);
INSERT INTO tab.cells (row_id, column_id, value) VALUES (41, 16, NULL);
INSERT INTO tab.cells (row_id, column_id, value) VALUES (42, 16, NULL);
INSERT INTO tab.cells (row_id, column_id, value) VALUES (43, 16, NULL);
INSERT INTO tab.cells (row_id, column_id, value) VALUES (29, 16, CAST(100000.0000 AS money));
INSERT INTO tab.cells (row_id, column_id, value) VALUES (37, 16, CAST(100000.0000 AS money));
INSERT INTO tab.cells (row_id, column_id, value) VALUES (23, 16, CAST(200000.0000 AS money));
INSERT INTO tab.cells (row_id, column_id, value) VALUES (36, 16, CAST(200000.0000 AS money));
INSERT INTO tab.cells (row_id, column_id, value) VALUES (28, 16, CAST(300000.0000 AS money));
INSERT INTO tab.cells (row_id, column_id, value) VALUES (35, 16, CAST(300000.0000 AS money));
INSERT INTO tab.cells (row_id, column_id, value) VALUES (23, 17, NULL);
INSERT INTO tab.cells (row_id, column_id, value) VALUES (28, 17, NULL);
INSERT INTO tab.cells (row_id, column_id, value) VALUES (29, 17, NULL);
INSERT INTO tab.cells (row_id, column_id, value) VALUES (35, 17, NULL);
INSERT INTO tab.cells (row_id, column_id, value) VALUES (36, 17, NULL);
INSERT INTO tab.cells (row_id, column_id, value) VALUES (37, 17, NULL);
INSERT INTO tab.cells (row_id, column_id, value) VALUES (26, 17, CAST(15000.0000 AS money));
INSERT INTO tab.cells (row_id, column_id, value) VALUES (27, 17, CAST(15000.0000 AS money));
INSERT INTO tab.cells (row_id, column_id, value) VALUES (33, 17, CAST(15000.0000 AS money));
INSERT INTO tab.cells (row_id, column_id, value) VALUES (34, 17, CAST(15000.0000 AS money));
INSERT INTO tab.cells (row_id, column_id, value) VALUES (40, 17, CAST(30000.0000 AS money));
INSERT INTO tab.cells (row_id, column_id, value) VALUES (41, 17, CAST(30000.0000 AS money));
INSERT INTO tab.cells (row_id, column_id, value) VALUES (24, 17, CAST(50000.0000 AS money));
INSERT INTO tab.cells (row_id, column_id, value) VALUES (30, 17, CAST(50000.0000 AS money));
INSERT INTO tab.cells (row_id, column_id, value) VALUES (42, 17, CAST(50000.0000 AS money));
INSERT INTO tab.cells (row_id, column_id, value) VALUES (25, 17, CAST(85000.00 AS money));
INSERT INTO tab.cells (row_id, column_id, value) VALUES (32, 17, CAST(85000.0000 AS money));
INSERT INTO tab.cells (row_id, column_id, value) VALUES (31, 17, CAST(100000.0000 AS money));
INSERT INTO tab.cells (row_id, column_id, value) VALUES (38, 17, CAST(100000.0000 AS money));
INSERT INTO tab.cells (row_id, column_id, value) VALUES (43, 17, CAST(100000.0000 AS money));
INSERT INTO tab.cells (row_id, column_id, value) VALUES (39, 17, CAST(170000.0000 AS money));
GO

INSERT INTO tab.languages (language, sort_order) VALUES (N'de', 6);
INSERT INTO tab.languages (language, sort_order) VALUES (N'en', 1);
INSERT INTO tab.languages (language, sort_order) VALUES (N'es', 4);
INSERT INTO tab.languages (language, sort_order) VALUES (N'fr', 2);
INSERT INTO tab.languages (language, sort_order) VALUES (N'it', 3);
INSERT INTO tab.languages (language, sort_order) VALUES (N'ja', 8);
INSERT INTO tab.languages (language, sort_order) VALUES (N'ko', 9);
INSERT INTO tab.languages (language, sort_order) VALUES (N'pt', 5);
INSERT INTO tab.languages (language, sort_order) VALUES (N'ru', 7);
INSERT INTO tab.languages (language, sort_order) VALUES (N'zh-hans', 10);
INSERT INTO tab.languages (language, sort_order) VALUES (N'zh-hant', 11);
GO

INSERT INTO tab.translations (type_id, table_id, column_id, row_id, language, name) VALUES (1, 1, NULL, NULL, N'de', N'Konten');
INSERT INTO tab.translations (type_id, table_id, column_id, row_id, language, name) VALUES (1, 2, NULL, NULL, N'de', N'Artikel');
INSERT INTO tab.translations (type_id, table_id, column_id, row_id, language, name) VALUES (1, 3, NULL, NULL, N'de', N'Unternehmen');
INSERT INTO tab.translations (type_id, table_id, column_id, row_id, language, name) VALUES (1, 4, NULL, NULL, N'de', N'Kassenbuch');
INSERT INTO tab.translations (type_id, table_id, column_id, row_id, language, name) VALUES (2, NULL, 1, NULL, N'de', N'Name');
INSERT INTO tab.translations (type_id, table_id, column_id, row_id, language, name) VALUES (2, NULL, 6, NULL, N'de', N'Name');
INSERT INTO tab.translations (type_id, table_id, column_id, row_id, language, name) VALUES (2, NULL, 7, NULL, N'de', N'Name');
INSERT INTO tab.translations (type_id, table_id, column_id, row_id, language, name) VALUES (2, NULL, 12, NULL, N'de', N'Datum');
INSERT INTO tab.translations (type_id, table_id, column_id, row_id, language, name) VALUES (2, NULL, 13, NULL, N'de', N'Konto');
INSERT INTO tab.translations (type_id, table_id, column_id, row_id, language, name) VALUES (2, NULL, 14, NULL, N'de', N'Artikel');
INSERT INTO tab.translations (type_id, table_id, column_id, row_id, language, name) VALUES (2, NULL, 15, NULL, N'de', N'Unternehmen');
INSERT INTO tab.translations (type_id, table_id, column_id, row_id, language, name) VALUES (2, NULL, 16, NULL, N'de', N'Einkommen');
INSERT INTO tab.translations (type_id, table_id, column_id, row_id, language, name) VALUES (2, NULL, 17, NULL, N'de', N'Kosten');
INSERT INTO tab.translations (type_id, table_id, column_id, row_id, language, name) VALUES (3, NULL, 1, 1, N'de', N'Bank');
INSERT INTO tab.translations (type_id, table_id, column_id, row_id, language, name) VALUES (3, NULL, 6, 2, N'de', N'Einnahmen');
INSERT INTO tab.translations (type_id, table_id, column_id, row_id, language, name) VALUES (3, NULL, 6, 3, N'de', N'Kosten');
INSERT INTO tab.translations (type_id, table_id, column_id, row_id, language, name) VALUES (3, NULL, 6, 4, N'de', N'Lohn-und Gehaltsabrechnung');
INSERT INTO tab.translations (type_id, table_id, column_id, row_id, language, name) VALUES (3, NULL, 6, 5, N'de', N'Steuern');
INSERT INTO tab.translations (type_id, table_id, column_id, row_id, language, name) VALUES (3, NULL, 7, 6, N'de', N'Kunde C1');
INSERT INTO tab.translations (type_id, table_id, column_id, row_id, language, name) VALUES (3, NULL, 7, 7, N'de', N'Kunde C2');
INSERT INTO tab.translations (type_id, table_id, column_id, row_id, language, name) VALUES (3, NULL, 7, 8, N'de', N'Kunde C3');
INSERT INTO tab.translations (type_id, table_id, column_id, row_id, language, name) VALUES (3, NULL, 7, 9, N'de', N'Kunde C4');
INSERT INTO tab.translations (type_id, table_id, column_id, row_id, language, name) VALUES (3, NULL, 7, 10, N'de', N'Kunde C5');
INSERT INTO tab.translations (type_id, table_id, column_id, row_id, language, name) VALUES (3, NULL, 7, 11, N'de', N'Kunde C6');
INSERT INTO tab.translations (type_id, table_id, column_id, row_id, language, name) VALUES (3, NULL, 7, 12, N'de', N'Kunde C7');
INSERT INTO tab.translations (type_id, table_id, column_id, row_id, language, name) VALUES (3, NULL, 7, 13, N'de', N'Lieferant S1');
INSERT INTO tab.translations (type_id, table_id, column_id, row_id, language, name) VALUES (3, NULL, 7, 14, N'de', N'Lieferant S2');
INSERT INTO tab.translations (type_id, table_id, column_id, row_id, language, name) VALUES (3, NULL, 7, 15, N'de', N'Lieferant S3');
INSERT INTO tab.translations (type_id, table_id, column_id, row_id, language, name) VALUES (3, NULL, 7, 16, N'de', N'Lieferant S4');
INSERT INTO tab.translations (type_id, table_id, column_id, row_id, language, name) VALUES (3, NULL, 7, 17, N'de', N'Lieferant S5');
INSERT INTO tab.translations (type_id, table_id, column_id, row_id, language, name) VALUES (3, NULL, 7, 18, N'de', N'Lieferant S6');
INSERT INTO tab.translations (type_id, table_id, column_id, row_id, language, name) VALUES (3, NULL, 7, 19, N'de', N'Lieferant S7');
INSERT INTO tab.translations (type_id, table_id, column_id, row_id, language, name) VALUES (3, NULL, 7, 20, N'de', N'Körperschaftssteuer');
INSERT INTO tab.translations (type_id, table_id, column_id, row_id, language, name) VALUES (3, NULL, 7, 21, N'de', N'Lohnsteuer');
INSERT INTO tab.translations (type_id, table_id, column_id, row_id, language, name) VALUES (3, NULL, 7, 22, N'de', N'Sozialabgaben');
INSERT INTO tab.translations (type_id, table_id, column_id, row_id, language, name) VALUES (1, 1, NULL, NULL, N'en', N'Accounts');
INSERT INTO tab.translations (type_id, table_id, column_id, row_id, language, name) VALUES (1, 2, NULL, NULL, N'en', N'Items');
INSERT INTO tab.translations (type_id, table_id, column_id, row_id, language, name) VALUES (1, 3, NULL, NULL, N'en', N'Companies');
INSERT INTO tab.translations (type_id, table_id, column_id, row_id, language, name) VALUES (1, 4, NULL, NULL, N'en', N'Cashbook');
INSERT INTO tab.translations (type_id, table_id, column_id, row_id, language, name) VALUES (2, NULL, 1, NULL, N'en', N'Name');
INSERT INTO tab.translations (type_id, table_id, column_id, row_id, language, name) VALUES (2, NULL, 6, NULL, N'en', N'Name');
INSERT INTO tab.translations (type_id, table_id, column_id, row_id, language, name) VALUES (2, NULL, 7, NULL, N'en', N'Name');
INSERT INTO tab.translations (type_id, table_id, column_id, row_id, language, name) VALUES (2, NULL, 12, NULL, N'en', N'Date');
INSERT INTO tab.translations (type_id, table_id, column_id, row_id, language, name) VALUES (2, NULL, 13, NULL, N'en', N'Account');
INSERT INTO tab.translations (type_id, table_id, column_id, row_id, language, name) VALUES (2, NULL, 14, NULL, N'en', N'Item');
INSERT INTO tab.translations (type_id, table_id, column_id, row_id, language, name) VALUES (2, NULL, 15, NULL, N'en', N'Company');
INSERT INTO tab.translations (type_id, table_id, column_id, row_id, language, name) VALUES (2, NULL, 16, NULL, N'en', N'Income');
INSERT INTO tab.translations (type_id, table_id, column_id, row_id, language, name) VALUES (2, NULL, 17, NULL, N'en', N'Expenses');
INSERT INTO tab.translations (type_id, table_id, column_id, row_id, language, name) VALUES (3, NULL, 1, 1, N'en', N'Bank');
INSERT INTO tab.translations (type_id, table_id, column_id, row_id, language, name) VALUES (3, NULL, 6, 2, N'en', N'Revenue');
INSERT INTO tab.translations (type_id, table_id, column_id, row_id, language, name) VALUES (3, NULL, 6, 3, N'en', N'Expenses');
INSERT INTO tab.translations (type_id, table_id, column_id, row_id, language, name) VALUES (3, NULL, 6, 4, N'en', N'Payroll');
INSERT INTO tab.translations (type_id, table_id, column_id, row_id, language, name) VALUES (3, NULL, 6, 5, N'en', N'Taxes');
INSERT INTO tab.translations (type_id, table_id, column_id, row_id, language, name) VALUES (3, NULL, 7, 6, N'en', N'Customer C1');
INSERT INTO tab.translations (type_id, table_id, column_id, row_id, language, name) VALUES (3, NULL, 7, 7, N'en', N'Customer C2');
INSERT INTO tab.translations (type_id, table_id, column_id, row_id, language, name) VALUES (3, NULL, 7, 8, N'en', N'Customer C3');
INSERT INTO tab.translations (type_id, table_id, column_id, row_id, language, name) VALUES (3, NULL, 7, 9, N'en', N'Customer C4');
INSERT INTO tab.translations (type_id, table_id, column_id, row_id, language, name) VALUES (3, NULL, 7, 10, N'en', N'Customer C5');
INSERT INTO tab.translations (type_id, table_id, column_id, row_id, language, name) VALUES (3, NULL, 7, 11, N'en', N'Customer C6');
INSERT INTO tab.translations (type_id, table_id, column_id, row_id, language, name) VALUES (3, NULL, 7, 12, N'en', N'Customer C7');
INSERT INTO tab.translations (type_id, table_id, column_id, row_id, language, name) VALUES (3, NULL, 7, 13, N'en', N'Supplier S1');
INSERT INTO tab.translations (type_id, table_id, column_id, row_id, language, name) VALUES (3, NULL, 7, 14, N'en', N'Supplier S2');
INSERT INTO tab.translations (type_id, table_id, column_id, row_id, language, name) VALUES (3, NULL, 7, 15, N'en', N'Supplier S3');
INSERT INTO tab.translations (type_id, table_id, column_id, row_id, language, name) VALUES (3, NULL, 7, 16, N'en', N'Supplier S4');
INSERT INTO tab.translations (type_id, table_id, column_id, row_id, language, name) VALUES (3, NULL, 7, 17, N'en', N'Supplier S5');
INSERT INTO tab.translations (type_id, table_id, column_id, row_id, language, name) VALUES (3, NULL, 7, 18, N'en', N'Supplier S6');
INSERT INTO tab.translations (type_id, table_id, column_id, row_id, language, name) VALUES (3, NULL, 7, 19, N'en', N'Supplier S7');
INSERT INTO tab.translations (type_id, table_id, column_id, row_id, language, name) VALUES (3, NULL, 7, 20, N'en', N'Corporate Income Tax');
INSERT INTO tab.translations (type_id, table_id, column_id, row_id, language, name) VALUES (3, NULL, 7, 21, N'en', N'Individual Income Tax');
INSERT INTO tab.translations (type_id, table_id, column_id, row_id, language, name) VALUES (3, NULL, 7, 22, N'en', N'Payroll Taxes');
INSERT INTO tab.translations (type_id, table_id, column_id, row_id, language, name) VALUES (1, 1, NULL, NULL, N'es', N'Cuentas');
INSERT INTO tab.translations (type_id, table_id, column_id, row_id, language, name) VALUES (1, 2, NULL, NULL, N'es', N'Artículos');
INSERT INTO tab.translations (type_id, table_id, column_id, row_id, language, name) VALUES (1, 3, NULL, NULL, N'es', N'Compañías');
INSERT INTO tab.translations (type_id, table_id, column_id, row_id, language, name) VALUES (1, 4, NULL, NULL, N'es', N'Libro de caja');
INSERT INTO tab.translations (type_id, table_id, column_id, row_id, language, name) VALUES (2, NULL, 1, NULL, N'es', N'Nombre');
INSERT INTO tab.translations (type_id, table_id, column_id, row_id, language, name) VALUES (2, NULL, 6, NULL, N'es', N'Nombre');
INSERT INTO tab.translations (type_id, table_id, column_id, row_id, language, name) VALUES (2, NULL, 7, NULL, N'es', N'Nombre');
INSERT INTO tab.translations (type_id, table_id, column_id, row_id, language, name) VALUES (2, NULL, 12, NULL, N'es', N'Fecha');
INSERT INTO tab.translations (type_id, table_id, column_id, row_id, language, name) VALUES (2, NULL, 13, NULL, N'es', N'Cuenta');
INSERT INTO tab.translations (type_id, table_id, column_id, row_id, language, name) VALUES (2, NULL, 14, NULL, N'es', N'Artículo');
INSERT INTO tab.translations (type_id, table_id, column_id, row_id, language, name) VALUES (2, NULL, 15, NULL, N'es', N'Empresa');
INSERT INTO tab.translations (type_id, table_id, column_id, row_id, language, name) VALUES (2, NULL, 16, NULL, N'es', N'Ingresos');
INSERT INTO tab.translations (type_id, table_id, column_id, row_id, language, name) VALUES (2, NULL, 17, NULL, N'es', N'Gasto');
INSERT INTO tab.translations (type_id, table_id, column_id, row_id, language, name) VALUES (3, NULL, 1, 1, N'es', N'Banco');
INSERT INTO tab.translations (type_id, table_id, column_id, row_id, language, name) VALUES (3, NULL, 6, 2, N'es', N'Ingresos');
INSERT INTO tab.translations (type_id, table_id, column_id, row_id, language, name) VALUES (3, NULL, 6, 3, N'es', N'Gasto');
INSERT INTO tab.translations (type_id, table_id, column_id, row_id, language, name) VALUES (3, NULL, 6, 4, N'es', N'Salario');
INSERT INTO tab.translations (type_id, table_id, column_id, row_id, language, name) VALUES (3, NULL, 6, 5, N'es', N'Impuestos');
INSERT INTO tab.translations (type_id, table_id, column_id, row_id, language, name) VALUES (3, NULL, 7, 6, N'es', N'Cliente C1');
INSERT INTO tab.translations (type_id, table_id, column_id, row_id, language, name) VALUES (3, NULL, 7, 7, N'es', N'Cliente C2');
INSERT INTO tab.translations (type_id, table_id, column_id, row_id, language, name) VALUES (3, NULL, 7, 8, N'es', N'Cliente C3');
INSERT INTO tab.translations (type_id, table_id, column_id, row_id, language, name) VALUES (3, NULL, 7, 9, N'es', N'Cliente C4');
INSERT INTO tab.translations (type_id, table_id, column_id, row_id, language, name) VALUES (3, NULL, 7, 10, N'es', N'Cliente C5');
INSERT INTO tab.translations (type_id, table_id, column_id, row_id, language, name) VALUES (3, NULL, 7, 11, N'es', N'Cliente C6');
INSERT INTO tab.translations (type_id, table_id, column_id, row_id, language, name) VALUES (3, NULL, 7, 12, N'es', N'Cliente C7');
INSERT INTO tab.translations (type_id, table_id, column_id, row_id, language, name) VALUES (3, NULL, 7, 13, N'es', N'Abastecedor A1');
INSERT INTO tab.translations (type_id, table_id, column_id, row_id, language, name) VALUES (3, NULL, 7, 14, N'es', N'Abastecedor A2');
INSERT INTO tab.translations (type_id, table_id, column_id, row_id, language, name) VALUES (3, NULL, 7, 15, N'es', N'Abastecedor A3');
INSERT INTO tab.translations (type_id, table_id, column_id, row_id, language, name) VALUES (3, NULL, 7, 16, N'es', N'Abastecedor A4');
INSERT INTO tab.translations (type_id, table_id, column_id, row_id, language, name) VALUES (3, NULL, 7, 17, N'es', N'Abastecedor A5');
INSERT INTO tab.translations (type_id, table_id, column_id, row_id, language, name) VALUES (3, NULL, 7, 18, N'es', N'Abastecedor A6');
INSERT INTO tab.translations (type_id, table_id, column_id, row_id, language, name) VALUES (3, NULL, 7, 19, N'es', N'Abastecedor A7');
INSERT INTO tab.translations (type_id, table_id, column_id, row_id, language, name) VALUES (3, NULL, 7, 20, N'es', N'Impuesto sobre Sociedades');
INSERT INTO tab.translations (type_id, table_id, column_id, row_id, language, name) VALUES (3, NULL, 7, 21, N'es', N'IRPF');
INSERT INTO tab.translations (type_id, table_id, column_id, row_id, language, name) VALUES (3, NULL, 7, 22, N'es', N'Cargas sociales');
INSERT INTO tab.translations (type_id, table_id, column_id, row_id, language, name) VALUES (1, 1, NULL, NULL, N'fr', N'Comptes');
INSERT INTO tab.translations (type_id, table_id, column_id, row_id, language, name) VALUES (1, 2, NULL, NULL, N'fr', N'Articles');
INSERT INTO tab.translations (type_id, table_id, column_id, row_id, language, name) VALUES (1, 3, NULL, NULL, N'fr', N'Entreprises');
INSERT INTO tab.translations (type_id, table_id, column_id, row_id, language, name) VALUES (1, 4, NULL, NULL, N'fr', N'Livre de caisse');
INSERT INTO tab.translations (type_id, table_id, column_id, row_id, language, name) VALUES (2, NULL, 1, NULL, N'fr', N'Prénom');
INSERT INTO tab.translations (type_id, table_id, column_id, row_id, language, name) VALUES (2, NULL, 6, NULL, N'fr', N'Prénom');
INSERT INTO tab.translations (type_id, table_id, column_id, row_id, language, name) VALUES (2, NULL, 7, NULL, N'fr', N'Prénom');
INSERT INTO tab.translations (type_id, table_id, column_id, row_id, language, name) VALUES (2, NULL, 12, NULL, N'fr', N'Date');
INSERT INTO tab.translations (type_id, table_id, column_id, row_id, language, name) VALUES (2, NULL, 13, NULL, N'fr', N'Compte');
INSERT INTO tab.translations (type_id, table_id, column_id, row_id, language, name) VALUES (2, NULL, 14, NULL, N'fr', N'Article');
INSERT INTO tab.translations (type_id, table_id, column_id, row_id, language, name) VALUES (2, NULL, 15, NULL, N'fr', N'Entreprise');
INSERT INTO tab.translations (type_id, table_id, column_id, row_id, language, name) VALUES (2, NULL, 16, NULL, N'fr', N'Revenu');
INSERT INTO tab.translations (type_id, table_id, column_id, row_id, language, name) VALUES (2, NULL, 17, NULL, N'fr', N'Dépenses');
INSERT INTO tab.translations (type_id, table_id, column_id, row_id, language, name) VALUES (3, NULL, 1, 1, N'fr', N'Banque');
INSERT INTO tab.translations (type_id, table_id, column_id, row_id, language, name) VALUES (3, NULL, 6, 2, N'fr', N'Revenu');
INSERT INTO tab.translations (type_id, table_id, column_id, row_id, language, name) VALUES (3, NULL, 6, 3, N'fr', N'Dépenses');
INSERT INTO tab.translations (type_id, table_id, column_id, row_id, language, name) VALUES (3, NULL, 6, 4, N'fr', N'Paie');
INSERT INTO tab.translations (type_id, table_id, column_id, row_id, language, name) VALUES (3, NULL, 6, 5, N'fr', N'Taxes');
INSERT INTO tab.translations (type_id, table_id, column_id, row_id, language, name) VALUES (3, NULL, 7, 6, N'fr', N'Client 01');
INSERT INTO tab.translations (type_id, table_id, column_id, row_id, language, name) VALUES (3, NULL, 7, 7, N'fr', N'Client 02');
INSERT INTO tab.translations (type_id, table_id, column_id, row_id, language, name) VALUES (3, NULL, 7, 8, N'fr', N'Client 03');
INSERT INTO tab.translations (type_id, table_id, column_id, row_id, language, name) VALUES (3, NULL, 7, 9, N'fr', N'Client 04');
INSERT INTO tab.translations (type_id, table_id, column_id, row_id, language, name) VALUES (3, NULL, 7, 10, N'fr', N'Client 05');
INSERT INTO tab.translations (type_id, table_id, column_id, row_id, language, name) VALUES (3, NULL, 7, 11, N'fr', N'Client 06');
INSERT INTO tab.translations (type_id, table_id, column_id, row_id, language, name) VALUES (3, NULL, 7, 12, N'fr', N'Client 07');
INSERT INTO tab.translations (type_id, table_id, column_id, row_id, language, name) VALUES (3, NULL, 7, 13, N'fr', N'Fournisseur 01');
INSERT INTO tab.translations (type_id, table_id, column_id, row_id, language, name) VALUES (3, NULL, 7, 14, N'fr', N'Fournisseur 02');
INSERT INTO tab.translations (type_id, table_id, column_id, row_id, language, name) VALUES (3, NULL, 7, 15, N'fr', N'Fournisseur 03');
INSERT INTO tab.translations (type_id, table_id, column_id, row_id, language, name) VALUES (3, NULL, 7, 16, N'fr', N'Fournisseur 04');
INSERT INTO tab.translations (type_id, table_id, column_id, row_id, language, name) VALUES (3, NULL, 7, 17, N'fr', N'Fournisseur 05');
INSERT INTO tab.translations (type_id, table_id, column_id, row_id, language, name) VALUES (3, NULL, 7, 18, N'fr', N'Fournisseur 06');
INSERT INTO tab.translations (type_id, table_id, column_id, row_id, language, name) VALUES (3, NULL, 7, 19, N'fr', N'Fournisseur 07');
INSERT INTO tab.translations (type_id, table_id, column_id, row_id, language, name) VALUES (3, NULL, 7, 20, N'fr', N'Impôt sur les sociétés');
INSERT INTO tab.translations (type_id, table_id, column_id, row_id, language, name) VALUES (3, NULL, 7, 21, N'fr', N'Impôt sur le revenu');
INSERT INTO tab.translations (type_id, table_id, column_id, row_id, language, name) VALUES (3, NULL, 7, 22, N'fr', N'Charges sociales');
INSERT INTO tab.translations (type_id, table_id, column_id, row_id, language, name) VALUES (1, 1, NULL, NULL, N'it', N'Conti');
INSERT INTO tab.translations (type_id, table_id, column_id, row_id, language, name) VALUES (1, 2, NULL, NULL, N'it', N'Elementi');
INSERT INTO tab.translations (type_id, table_id, column_id, row_id, language, name) VALUES (1, 3, NULL, NULL, N'it', N'Aziende');
INSERT INTO tab.translations (type_id, table_id, column_id, row_id, language, name) VALUES (1, 4, NULL, NULL, N'it', N'Cashbook');
INSERT INTO tab.translations (type_id, table_id, column_id, row_id, language, name) VALUES (2, NULL, 1, NULL, N'it', N'Conome');
INSERT INTO tab.translations (type_id, table_id, column_id, row_id, language, name) VALUES (2, NULL, 6, NULL, N'it', N'Conome');
INSERT INTO tab.translations (type_id, table_id, column_id, row_id, language, name) VALUES (2, NULL, 7, NULL, N'it', N'Conome');
INSERT INTO tab.translations (type_id, table_id, column_id, row_id, language, name) VALUES (2, NULL, 12, NULL, N'it', N'Data');
INSERT INTO tab.translations (type_id, table_id, column_id, row_id, language, name) VALUES (2, NULL, 13, NULL, N'it', N'Conto');
INSERT INTO tab.translations (type_id, table_id, column_id, row_id, language, name) VALUES (2, NULL, 14, NULL, N'it', N'Articolo');
INSERT INTO tab.translations (type_id, table_id, column_id, row_id, language, name) VALUES (2, NULL, 15, NULL, N'it', N'Azienda');
INSERT INTO tab.translations (type_id, table_id, column_id, row_id, language, name) VALUES (2, NULL, 16, NULL, N'it', N'Debito');
INSERT INTO tab.translations (type_id, table_id, column_id, row_id, language, name) VALUES (2, NULL, 17, NULL, N'it', N'Credito');
INSERT INTO tab.translations (type_id, table_id, column_id, row_id, language, name) VALUES (3, NULL, 1, 1, N'it', N'Banca');
INSERT INTO tab.translations (type_id, table_id, column_id, row_id, language, name) VALUES (3, NULL, 6, 2, N'it', N'Reddito');
INSERT INTO tab.translations (type_id, table_id, column_id, row_id, language, name) VALUES (3, NULL, 6, 3, N'it', N'Spese');
INSERT INTO tab.translations (type_id, table_id, column_id, row_id, language, name) VALUES (3, NULL, 6, 4, N'it', N'Paga');
INSERT INTO tab.translations (type_id, table_id, column_id, row_id, language, name) VALUES (3, NULL, 6, 5, N'it', N'Tasse');
INSERT INTO tab.translations (type_id, table_id, column_id, row_id, language, name) VALUES (3, NULL, 7, 6, N'it', N'Cliente C1');
INSERT INTO tab.translations (type_id, table_id, column_id, row_id, language, name) VALUES (3, NULL, 7, 7, N'it', N'Cliente C2');
INSERT INTO tab.translations (type_id, table_id, column_id, row_id, language, name) VALUES (3, NULL, 7, 8, N'it', N'Cliente C3');
INSERT INTO tab.translations (type_id, table_id, column_id, row_id, language, name) VALUES (3, NULL, 7, 9, N'it', N'Cliente C4');
INSERT INTO tab.translations (type_id, table_id, column_id, row_id, language, name) VALUES (3, NULL, 7, 10, N'it', N'Cliente C5');
INSERT INTO tab.translations (type_id, table_id, column_id, row_id, language, name) VALUES (3, NULL, 7, 11, N'it', N'Cliente C6');
INSERT INTO tab.translations (type_id, table_id, column_id, row_id, language, name) VALUES (3, NULL, 7, 12, N'it', N'Cliente C7');
INSERT INTO tab.translations (type_id, table_id, column_id, row_id, language, name) VALUES (3, NULL, 7, 13, N'it', N'Fornitore F1');
INSERT INTO tab.translations (type_id, table_id, column_id, row_id, language, name) VALUES (3, NULL, 7, 14, N'it', N'Fornitore F2');
INSERT INTO tab.translations (type_id, table_id, column_id, row_id, language, name) VALUES (3, NULL, 7, 15, N'it', N'Fornitore F3');
INSERT INTO tab.translations (type_id, table_id, column_id, row_id, language, name) VALUES (3, NULL, 7, 16, N'it', N'Fornitore F4');
INSERT INTO tab.translations (type_id, table_id, column_id, row_id, language, name) VALUES (3, NULL, 7, 17, N'it', N'Fornitore F5');
INSERT INTO tab.translations (type_id, table_id, column_id, row_id, language, name) VALUES (3, NULL, 7, 18, N'it', N'Fornitore F6');
INSERT INTO tab.translations (type_id, table_id, column_id, row_id, language, name) VALUES (3, NULL, 7, 19, N'it', N'Fornitore F7');
INSERT INTO tab.translations (type_id, table_id, column_id, row_id, language, name) VALUES (3, NULL, 7, 20, N'it', N'Imposta sul reddito delle società');
INSERT INTO tab.translations (type_id, table_id, column_id, row_id, language, name) VALUES (3, NULL, 7, 21, N'it', N'IRPEF');
INSERT INTO tab.translations (type_id, table_id, column_id, row_id, language, name) VALUES (3, NULL, 7, 22, N'it', N'Imposte sui salari');
INSERT INTO tab.translations (type_id, table_id, column_id, row_id, language, name) VALUES (1, 1, NULL, NULL, N'ja', N'アカウント');
INSERT INTO tab.translations (type_id, table_id, column_id, row_id, language, name) VALUES (1, 2, NULL, NULL, N'ja', N'アイテム');
INSERT INTO tab.translations (type_id, table_id, column_id, row_id, language, name) VALUES (1, 3, NULL, NULL, N'ja', N'会社');
INSERT INTO tab.translations (type_id, table_id, column_id, row_id, language, name) VALUES (1, 4, NULL, NULL, N'ja', N'キャッシュブック');
INSERT INTO tab.translations (type_id, table_id, column_id, row_id, language, name) VALUES (2, NULL, 1, NULL, N'ja', N'名前');
INSERT INTO tab.translations (type_id, table_id, column_id, row_id, language, name) VALUES (2, NULL, 6, NULL, N'ja', N'名前');
INSERT INTO tab.translations (type_id, table_id, column_id, row_id, language, name) VALUES (2, NULL, 7, NULL, N'ja', N'名前');
INSERT INTO tab.translations (type_id, table_id, column_id, row_id, language, name) VALUES (2, NULL, 12, NULL, N'ja', N'日にち');
INSERT INTO tab.translations (type_id, table_id, column_id, row_id, language, name) VALUES (2, NULL, 13, NULL, N'ja', N'アカウント');
INSERT INTO tab.translations (type_id, table_id, column_id, row_id, language, name) VALUES (2, NULL, 14, NULL, N'ja', N'アイテム');
INSERT INTO tab.translations (type_id, table_id, column_id, row_id, language, name) VALUES (2, NULL, 15, NULL, N'ja', N'会社');
INSERT INTO tab.translations (type_id, table_id, column_id, row_id, language, name) VALUES (2, NULL, 16, NULL, N'ja', N'所得');
INSERT INTO tab.translations (type_id, table_id, column_id, row_id, language, name) VALUES (2, NULL, 17, NULL, N'ja', N'経費');
INSERT INTO tab.translations (type_id, table_id, column_id, row_id, language, name) VALUES (3, NULL, 1, 1, N'ja', N'銀行');
INSERT INTO tab.translations (type_id, table_id, column_id, row_id, language, name) VALUES (3, NULL, 6, 2, N'ja', N'収益');
INSERT INTO tab.translations (type_id, table_id, column_id, row_id, language, name) VALUES (3, NULL, 6, 3, N'ja', N'経費');
INSERT INTO tab.translations (type_id, table_id, column_id, row_id, language, name) VALUES (3, NULL, 6, 4, N'ja', N'給与');
INSERT INTO tab.translations (type_id, table_id, column_id, row_id, language, name) VALUES (3, NULL, 6, 5, N'ja', N'税金');
INSERT INTO tab.translations (type_id, table_id, column_id, row_id, language, name) VALUES (3, NULL, 7, 6, N'ja', N'顧客C1');
INSERT INTO tab.translations (type_id, table_id, column_id, row_id, language, name) VALUES (3, NULL, 7, 7, N'ja', N'顧客C2');
INSERT INTO tab.translations (type_id, table_id, column_id, row_id, language, name) VALUES (3, NULL, 7, 8, N'ja', N'顧客C3');
INSERT INTO tab.translations (type_id, table_id, column_id, row_id, language, name) VALUES (3, NULL, 7, 9, N'ja', N'顧客C4');
INSERT INTO tab.translations (type_id, table_id, column_id, row_id, language, name) VALUES (3, NULL, 7, 10, N'ja', N'顧客C5');
INSERT INTO tab.translations (type_id, table_id, column_id, row_id, language, name) VALUES (3, NULL, 7, 11, N'ja', N'顧客C6');
INSERT INTO tab.translations (type_id, table_id, column_id, row_id, language, name) VALUES (3, NULL, 7, 12, N'ja', N'顧客C7');
INSERT INTO tab.translations (type_id, table_id, column_id, row_id, language, name) VALUES (3, NULL, 7, 13, N'ja', N'サプライヤーS1');
INSERT INTO tab.translations (type_id, table_id, column_id, row_id, language, name) VALUES (3, NULL, 7, 14, N'ja', N'サプライヤーS2');
INSERT INTO tab.translations (type_id, table_id, column_id, row_id, language, name) VALUES (3, NULL, 7, 15, N'ja', N'サプライヤーS3');
INSERT INTO tab.translations (type_id, table_id, column_id, row_id, language, name) VALUES (3, NULL, 7, 16, N'ja', N'サプライヤーS4');
INSERT INTO tab.translations (type_id, table_id, column_id, row_id, language, name) VALUES (3, NULL, 7, 17, N'ja', N'サプライヤーS5');
INSERT INTO tab.translations (type_id, table_id, column_id, row_id, language, name) VALUES (3, NULL, 7, 18, N'ja', N'サプライヤーS6');
INSERT INTO tab.translations (type_id, table_id, column_id, row_id, language, name) VALUES (3, NULL, 7, 19, N'ja', N'サプライヤーS7');
INSERT INTO tab.translations (type_id, table_id, column_id, row_id, language, name) VALUES (3, NULL, 7, 20, N'ja', N'法人税');
INSERT INTO tab.translations (type_id, table_id, column_id, row_id, language, name) VALUES (3, NULL, 7, 21, N'ja', N'個人所得税');
INSERT INTO tab.translations (type_id, table_id, column_id, row_id, language, name) VALUES (3, NULL, 7, 22, N'ja', N'給与税');
INSERT INTO tab.translations (type_id, table_id, column_id, row_id, language, name) VALUES (1, 1, NULL, NULL, N'ko', N'계정');
INSERT INTO tab.translations (type_id, table_id, column_id, row_id, language, name) VALUES (1, 2, NULL, NULL, N'ko', N'아이템');
INSERT INTO tab.translations (type_id, table_id, column_id, row_id, language, name) VALUES (1, 3, NULL, NULL, N'ko', N'회사');
INSERT INTO tab.translations (type_id, table_id, column_id, row_id, language, name) VALUES (1, 4, NULL, NULL, N'ko', N'캐쉬북');
INSERT INTO tab.translations (type_id, table_id, column_id, row_id, language, name) VALUES (2, NULL, 1, NULL, N'ko', N'이름');
INSERT INTO tab.translations (type_id, table_id, column_id, row_id, language, name) VALUES (2, NULL, 6, NULL, N'ko', N'이름');
INSERT INTO tab.translations (type_id, table_id, column_id, row_id, language, name) VALUES (2, NULL, 7, NULL, N'ko', N'이름');
INSERT INTO tab.translations (type_id, table_id, column_id, row_id, language, name) VALUES (2, NULL, 12, NULL, N'ko', N'날짜');
INSERT INTO tab.translations (type_id, table_id, column_id, row_id, language, name) VALUES (2, NULL, 13, NULL, N'ko', N'계정');
INSERT INTO tab.translations (type_id, table_id, column_id, row_id, language, name) VALUES (2, NULL, 14, NULL, N'ko', N'아이템');
INSERT INTO tab.translations (type_id, table_id, column_id, row_id, language, name) VALUES (2, NULL, 15, NULL, N'ko', N'회사');
INSERT INTO tab.translations (type_id, table_id, column_id, row_id, language, name) VALUES (2, NULL, 16, NULL, N'ko', N'소득');
INSERT INTO tab.translations (type_id, table_id, column_id, row_id, language, name) VALUES (2, NULL, 17, NULL, N'ko', N'소요 경비');
INSERT INTO tab.translations (type_id, table_id, column_id, row_id, language, name) VALUES (3, NULL, 1, 1, N'ko', N'은행');
INSERT INTO tab.translations (type_id, table_id, column_id, row_id, language, name) VALUES (3, NULL, 6, 2, N'ko', N'수익');
INSERT INTO tab.translations (type_id, table_id, column_id, row_id, language, name) VALUES (3, NULL, 6, 3, N'ko', N'소요 경비');
INSERT INTO tab.translations (type_id, table_id, column_id, row_id, language, name) VALUES (3, NULL, 6, 4, N'ko', N'월급');
INSERT INTO tab.translations (type_id, table_id, column_id, row_id, language, name) VALUES (3, NULL, 6, 5, N'ko', N'세금');
INSERT INTO tab.translations (type_id, table_id, column_id, row_id, language, name) VALUES (3, NULL, 7, 6, N'ko', N'고객 C1');
INSERT INTO tab.translations (type_id, table_id, column_id, row_id, language, name) VALUES (3, NULL, 7, 7, N'ko', N'고객 C2');
INSERT INTO tab.translations (type_id, table_id, column_id, row_id, language, name) VALUES (3, NULL, 7, 8, N'ko', N'고객 C3');
INSERT INTO tab.translations (type_id, table_id, column_id, row_id, language, name) VALUES (3, NULL, 7, 9, N'ko', N'고객 C4');
INSERT INTO tab.translations (type_id, table_id, column_id, row_id, language, name) VALUES (3, NULL, 7, 10, N'ko', N'고객 C5');
INSERT INTO tab.translations (type_id, table_id, column_id, row_id, language, name) VALUES (3, NULL, 7, 11, N'ko', N'고객 C6');
INSERT INTO tab.translations (type_id, table_id, column_id, row_id, language, name) VALUES (3, NULL, 7, 12, N'ko', N'고객 C7');
INSERT INTO tab.translations (type_id, table_id, column_id, row_id, language, name) VALUES (3, NULL, 7, 13, N'ko', N'공급자 S1');
INSERT INTO tab.translations (type_id, table_id, column_id, row_id, language, name) VALUES (3, NULL, 7, 14, N'ko', N'공급자 S2');
INSERT INTO tab.translations (type_id, table_id, column_id, row_id, language, name) VALUES (3, NULL, 7, 15, N'ko', N'공급자 S3');
INSERT INTO tab.translations (type_id, table_id, column_id, row_id, language, name) VALUES (3, NULL, 7, 16, N'ko', N'공급자 S4');
INSERT INTO tab.translations (type_id, table_id, column_id, row_id, language, name) VALUES (3, NULL, 7, 17, N'ko', N'공급자 S5');
INSERT INTO tab.translations (type_id, table_id, column_id, row_id, language, name) VALUES (3, NULL, 7, 18, N'ko', N'공급자 S6');
INSERT INTO tab.translations (type_id, table_id, column_id, row_id, language, name) VALUES (3, NULL, 7, 19, N'ko', N'공급자 S7');
INSERT INTO tab.translations (type_id, table_id, column_id, row_id, language, name) VALUES (3, NULL, 7, 20, N'ko', N'법인 소득세');
INSERT INTO tab.translations (type_id, table_id, column_id, row_id, language, name) VALUES (3, NULL, 7, 21, N'ko', N'개인소득세');
INSERT INTO tab.translations (type_id, table_id, column_id, row_id, language, name) VALUES (3, NULL, 7, 22, N'ko', N'급여 세금');
INSERT INTO tab.translations (type_id, table_id, column_id, row_id, language, name) VALUES (1, 1, NULL, NULL, N'pt', N'Contas');
INSERT INTO tab.translations (type_id, table_id, column_id, row_id, language, name) VALUES (1, 2, NULL, NULL, N'pt', N'Itens');
INSERT INTO tab.translations (type_id, table_id, column_id, row_id, language, name) VALUES (1, 3, NULL, NULL, N'pt', N'Empresas');
INSERT INTO tab.translations (type_id, table_id, column_id, row_id, language, name) VALUES (1, 4, NULL, NULL, N'pt', N'Livro caixa');
INSERT INTO tab.translations (type_id, table_id, column_id, row_id, language, name) VALUES (2, NULL, 1, NULL, N'pt', N'Nome');
INSERT INTO tab.translations (type_id, table_id, column_id, row_id, language, name) VALUES (2, NULL, 6, NULL, N'pt', N'Nome');
INSERT INTO tab.translations (type_id, table_id, column_id, row_id, language, name) VALUES (2, NULL, 7, NULL, N'pt', N'Nome');
INSERT INTO tab.translations (type_id, table_id, column_id, row_id, language, name) VALUES (2, NULL, 12, NULL, N'pt', N'Encontro');
INSERT INTO tab.translations (type_id, table_id, column_id, row_id, language, name) VALUES (2, NULL, 13, NULL, N'pt', N'Conta');
INSERT INTO tab.translations (type_id, table_id, column_id, row_id, language, name) VALUES (2, NULL, 14, NULL, N'pt', N'Item');
INSERT INTO tab.translations (type_id, table_id, column_id, row_id, language, name) VALUES (2, NULL, 15, NULL, N'pt', N'Companhia');
INSERT INTO tab.translations (type_id, table_id, column_id, row_id, language, name) VALUES (2, NULL, 16, NULL, N'pt', N'Renda');
INSERT INTO tab.translations (type_id, table_id, column_id, row_id, language, name) VALUES (2, NULL, 17, NULL, N'pt', N'Despesas');
INSERT INTO tab.translations (type_id, table_id, column_id, row_id, language, name) VALUES (3, NULL, 1, 1, N'pt', N'Banco');
INSERT INTO tab.translations (type_id, table_id, column_id, row_id, language, name) VALUES (3, NULL, 6, 2, N'pt', N'Receita');
INSERT INTO tab.translations (type_id, table_id, column_id, row_id, language, name) VALUES (3, NULL, 6, 3, N'pt', N'Despesas');
INSERT INTO tab.translations (type_id, table_id, column_id, row_id, language, name) VALUES (3, NULL, 6, 4, N'pt', N'Folha de pagamento');
INSERT INTO tab.translations (type_id, table_id, column_id, row_id, language, name) VALUES (3, NULL, 6, 5, N'pt', N'Impostos');
INSERT INTO tab.translations (type_id, table_id, column_id, row_id, language, name) VALUES (3, NULL, 7, 6, N'pt', N'Cliente C1');
INSERT INTO tab.translations (type_id, table_id, column_id, row_id, language, name) VALUES (3, NULL, 7, 7, N'pt', N'Cliente C2');
INSERT INTO tab.translations (type_id, table_id, column_id, row_id, language, name) VALUES (3, NULL, 7, 8, N'pt', N'Cliente C3');
INSERT INTO tab.translations (type_id, table_id, column_id, row_id, language, name) VALUES (3, NULL, 7, 9, N'pt', N'Cliente C4');
INSERT INTO tab.translations (type_id, table_id, column_id, row_id, language, name) VALUES (3, NULL, 7, 10, N'pt', N'Cliente C5');
INSERT INTO tab.translations (type_id, table_id, column_id, row_id, language, name) VALUES (3, NULL, 7, 11, N'pt', N'Cliente C6');
INSERT INTO tab.translations (type_id, table_id, column_id, row_id, language, name) VALUES (3, NULL, 7, 12, N'pt', N'Cliente C7');
INSERT INTO tab.translations (type_id, table_id, column_id, row_id, language, name) VALUES (3, NULL, 7, 13, N'pt', N'Fornecedor S1');
INSERT INTO tab.translations (type_id, table_id, column_id, row_id, language, name) VALUES (3, NULL, 7, 14, N'pt', N'Fornecedor S2');
INSERT INTO tab.translations (type_id, table_id, column_id, row_id, language, name) VALUES (3, NULL, 7, 15, N'pt', N'Fornecedor S3');
INSERT INTO tab.translations (type_id, table_id, column_id, row_id, language, name) VALUES (3, NULL, 7, 16, N'pt', N'Fornecedor S4');
INSERT INTO tab.translations (type_id, table_id, column_id, row_id, language, name) VALUES (3, NULL, 7, 17, N'pt', N'Fornecedor S5');
INSERT INTO tab.translations (type_id, table_id, column_id, row_id, language, name) VALUES (3, NULL, 7, 18, N'pt', N'Fornecedor S6');
INSERT INTO tab.translations (type_id, table_id, column_id, row_id, language, name) VALUES (3, NULL, 7, 19, N'pt', N'Fornecedor S7');
INSERT INTO tab.translations (type_id, table_id, column_id, row_id, language, name) VALUES (3, NULL, 7, 20, N'pt', N'Imposto de Renda');
INSERT INTO tab.translations (type_id, table_id, column_id, row_id, language, name) VALUES (3, NULL, 7, 21, N'pt', N'Imposto de renda individual');
INSERT INTO tab.translations (type_id, table_id, column_id, row_id, language, name) VALUES (3, NULL, 7, 22, N'pt', N'Impostos sobre os salários');
INSERT INTO tab.translations (type_id, table_id, column_id, row_id, language, name) VALUES (1, 1, NULL, NULL, N'ru', N'Счета');
INSERT INTO tab.translations (type_id, table_id, column_id, row_id, language, name) VALUES (1, 2, NULL, NULL, N'ru', N'Статьи');
INSERT INTO tab.translations (type_id, table_id, column_id, row_id, language, name) VALUES (1, 3, NULL, NULL, N'ru', N'Компании');
INSERT INTO tab.translations (type_id, table_id, column_id, row_id, language, name) VALUES (1, 4, NULL, NULL, N'ru', N'Кассовая книга');
INSERT INTO tab.translations (type_id, table_id, column_id, row_id, language, name) VALUES (2, NULL, 1, NULL, N'ru', N'Наименование');
INSERT INTO tab.translations (type_id, table_id, column_id, row_id, language, name) VALUES (2, NULL, 6, NULL, N'ru', N'Наименование');
INSERT INTO tab.translations (type_id, table_id, column_id, row_id, language, name) VALUES (2, NULL, 7, NULL, N'ru', N'Наименование');
INSERT INTO tab.translations (type_id, table_id, column_id, row_id, language, name) VALUES (2, NULL, 12, NULL, N'ru', N'Дата');
INSERT INTO tab.translations (type_id, table_id, column_id, row_id, language, name) VALUES (2, NULL, 13, NULL, N'ru', N'Счет');
INSERT INTO tab.translations (type_id, table_id, column_id, row_id, language, name) VALUES (2, NULL, 14, NULL, N'ru', N'Статья');
INSERT INTO tab.translations (type_id, table_id, column_id, row_id, language, name) VALUES (2, NULL, 15, NULL, N'ru', N'Компания');
INSERT INTO tab.translations (type_id, table_id, column_id, row_id, language, name) VALUES (2, NULL, 16, NULL, N'ru', N'Доходы');
INSERT INTO tab.translations (type_id, table_id, column_id, row_id, language, name) VALUES (2, NULL, 17, NULL, N'ru', N'Расходы');
INSERT INTO tab.translations (type_id, table_id, column_id, row_id, language, name) VALUES (3, NULL, 1, 1, N'ru', N'Банк');
INSERT INTO tab.translations (type_id, table_id, column_id, row_id, language, name) VALUES (3, NULL, 6, 2, N'ru', N'Выручка');
INSERT INTO tab.translations (type_id, table_id, column_id, row_id, language, name) VALUES (3, NULL, 6, 3, N'ru', N'Расходы');
INSERT INTO tab.translations (type_id, table_id, column_id, row_id, language, name) VALUES (3, NULL, 6, 4, N'ru', N'Заработная плата');
INSERT INTO tab.translations (type_id, table_id, column_id, row_id, language, name) VALUES (3, NULL, 6, 5, N'ru', N'Налоги');
INSERT INTO tab.translations (type_id, table_id, column_id, row_id, language, name) VALUES (3, NULL, 7, 6, N'ru', N'Покупатель C1');
INSERT INTO tab.translations (type_id, table_id, column_id, row_id, language, name) VALUES (3, NULL, 7, 7, N'ru', N'Покупатель C2');
INSERT INTO tab.translations (type_id, table_id, column_id, row_id, language, name) VALUES (3, NULL, 7, 8, N'ru', N'Покупатель C3');
INSERT INTO tab.translations (type_id, table_id, column_id, row_id, language, name) VALUES (3, NULL, 7, 9, N'ru', N'Покупатель C4');
INSERT INTO tab.translations (type_id, table_id, column_id, row_id, language, name) VALUES (3, NULL, 7, 10, N'ru', N'Покупатель C5');
INSERT INTO tab.translations (type_id, table_id, column_id, row_id, language, name) VALUES (3, NULL, 7, 11, N'ru', N'Покупатель C6');
INSERT INTO tab.translations (type_id, table_id, column_id, row_id, language, name) VALUES (3, NULL, 7, 12, N'ru', N'Покупатель C7');
INSERT INTO tab.translations (type_id, table_id, column_id, row_id, language, name) VALUES (3, NULL, 7, 13, N'ru', N'Поставщик S1');
INSERT INTO tab.translations (type_id, table_id, column_id, row_id, language, name) VALUES (3, NULL, 7, 14, N'ru', N'Поставщик S2');
INSERT INTO tab.translations (type_id, table_id, column_id, row_id, language, name) VALUES (3, NULL, 7, 15, N'ru', N'Поставщик S3');
INSERT INTO tab.translations (type_id, table_id, column_id, row_id, language, name) VALUES (3, NULL, 7, 16, N'ru', N'Поставщик S4');
INSERT INTO tab.translations (type_id, table_id, column_id, row_id, language, name) VALUES (3, NULL, 7, 17, N'ru', N'Поставщик S5');
INSERT INTO tab.translations (type_id, table_id, column_id, row_id, language, name) VALUES (3, NULL, 7, 18, N'ru', N'Поставщик S6');
INSERT INTO tab.translations (type_id, table_id, column_id, row_id, language, name) VALUES (3, NULL, 7, 19, N'ru', N'Поставщик S7');
INSERT INTO tab.translations (type_id, table_id, column_id, row_id, language, name) VALUES (3, NULL, 7, 20, N'ru', N'Налог на прибыль');
INSERT INTO tab.translations (type_id, table_id, column_id, row_id, language, name) VALUES (3, NULL, 7, 21, N'ru', N'НДФЛ');
INSERT INTO tab.translations (type_id, table_id, column_id, row_id, language, name) VALUES (3, NULL, 7, 22, N'ru', N'Страховые взносы');
INSERT INTO tab.translations (type_id, table_id, column_id, row_id, language, name) VALUES (1, 1, NULL, NULL, N'zh-hans', N'账户');
INSERT INTO tab.translations (type_id, table_id, column_id, row_id, language, name) VALUES (1, 2, NULL, NULL, N'zh-hans', N'项目');
INSERT INTO tab.translations (type_id, table_id, column_id, row_id, language, name) VALUES (1, 3, NULL, NULL, N'zh-hans', N'公司');
INSERT INTO tab.translations (type_id, table_id, column_id, row_id, language, name) VALUES (1, 4, NULL, NULL, N'zh-hans', N'现金簿');
INSERT INTO tab.translations (type_id, table_id, column_id, row_id, language, name) VALUES (2, NULL, 1, NULL, N'zh-hans', N'姓名');
INSERT INTO tab.translations (type_id, table_id, column_id, row_id, language, name) VALUES (2, NULL, 6, NULL, N'zh-hans', N'姓名');
INSERT INTO tab.translations (type_id, table_id, column_id, row_id, language, name) VALUES (2, NULL, 7, NULL, N'zh-hans', N'姓名');
INSERT INTO tab.translations (type_id, table_id, column_id, row_id, language, name) VALUES (2, NULL, 12, NULL, N'zh-hans', N'日期');
INSERT INTO tab.translations (type_id, table_id, column_id, row_id, language, name) VALUES (2, NULL, 13, NULL, N'zh-hans', N'帐户');
INSERT INTO tab.translations (type_id, table_id, column_id, row_id, language, name) VALUES (2, NULL, 14, NULL, N'zh-hans', N'项目');
INSERT INTO tab.translations (type_id, table_id, column_id, row_id, language, name) VALUES (2, NULL, 15, NULL, N'zh-hans', N'公司');
INSERT INTO tab.translations (type_id, table_id, column_id, row_id, language, name) VALUES (2, NULL, 16, NULL, N'zh-hans', N'收入');
INSERT INTO tab.translations (type_id, table_id, column_id, row_id, language, name) VALUES (2, NULL, 17, NULL, N'zh-hans', N'花费');
INSERT INTO tab.translations (type_id, table_id, column_id, row_id, language, name) VALUES (3, NULL, 1, 1, N'zh-hans', N'银行');
INSERT INTO tab.translations (type_id, table_id, column_id, row_id, language, name) VALUES (3, NULL, 6, 2, N'zh-hans', N'营收');
INSERT INTO tab.translations (type_id, table_id, column_id, row_id, language, name) VALUES (3, NULL, 6, 3, N'zh-hans', N'花费');
INSERT INTO tab.translations (type_id, table_id, column_id, row_id, language, name) VALUES (3, NULL, 6, 4, N'zh-hans', N'工资单');
INSERT INTO tab.translations (type_id, table_id, column_id, row_id, language, name) VALUES (3, NULL, 6, 5, N'zh-hans', N'税收');
INSERT INTO tab.translations (type_id, table_id, column_id, row_id, language, name) VALUES (3, NULL, 7, 6, N'zh-hans', N'客户 C1');
INSERT INTO tab.translations (type_id, table_id, column_id, row_id, language, name) VALUES (3, NULL, 7, 7, N'zh-hans', N'客户 C2');
INSERT INTO tab.translations (type_id, table_id, column_id, row_id, language, name) VALUES (3, NULL, 7, 8, N'zh-hans', N'客户 C3');
INSERT INTO tab.translations (type_id, table_id, column_id, row_id, language, name) VALUES (3, NULL, 7, 9, N'zh-hans', N'客户 C4');
INSERT INTO tab.translations (type_id, table_id, column_id, row_id, language, name) VALUES (3, NULL, 7, 10, N'zh-hans', N'客户 C5');
INSERT INTO tab.translations (type_id, table_id, column_id, row_id, language, name) VALUES (3, NULL, 7, 11, N'zh-hans', N'客户 C6');
INSERT INTO tab.translations (type_id, table_id, column_id, row_id, language, name) VALUES (3, NULL, 7, 12, N'zh-hans', N'客户 C7');
INSERT INTO tab.translations (type_id, table_id, column_id, row_id, language, name) VALUES (3, NULL, 7, 13, N'zh-hans', N'供应商 S1');
INSERT INTO tab.translations (type_id, table_id, column_id, row_id, language, name) VALUES (3, NULL, 7, 14, N'zh-hans', N'供应商 S2');
INSERT INTO tab.translations (type_id, table_id, column_id, row_id, language, name) VALUES (3, NULL, 7, 15, N'zh-hans', N'供应商 S3');
INSERT INTO tab.translations (type_id, table_id, column_id, row_id, language, name) VALUES (3, NULL, 7, 16, N'zh-hans', N'供应商 S4');
INSERT INTO tab.translations (type_id, table_id, column_id, row_id, language, name) VALUES (3, NULL, 7, 17, N'zh-hans', N'供应商 S5');
INSERT INTO tab.translations (type_id, table_id, column_id, row_id, language, name) VALUES (3, NULL, 7, 18, N'zh-hans', N'供应商 S6');
INSERT INTO tab.translations (type_id, table_id, column_id, row_id, language, name) VALUES (3, NULL, 7, 19, N'zh-hans', N'供应商 S7');
INSERT INTO tab.translations (type_id, table_id, column_id, row_id, language, name) VALUES (3, NULL, 7, 20, N'zh-hans', N'公司所得税');
INSERT INTO tab.translations (type_id, table_id, column_id, row_id, language, name) VALUES (3, NULL, 7, 21, N'zh-hans', N'个人所得税');
INSERT INTO tab.translations (type_id, table_id, column_id, row_id, language, name) VALUES (3, NULL, 7, 22, N'zh-hans', N'工资税');
INSERT INTO tab.translations (type_id, table_id, column_id, row_id, language, name) VALUES (1, 1, NULL, NULL, N'zh-hant', N'賬戶');
INSERT INTO tab.translations (type_id, table_id, column_id, row_id, language, name) VALUES (1, 2, NULL, NULL, N'zh-hant', N'項目');
INSERT INTO tab.translations (type_id, table_id, column_id, row_id, language, name) VALUES (1, 3, NULL, NULL, N'zh-hant', N'公司');
INSERT INTO tab.translations (type_id, table_id, column_id, row_id, language, name) VALUES (1, 4, NULL, NULL, N'zh-hant', N'現金簿');
INSERT INTO tab.translations (type_id, table_id, column_id, row_id, language, name) VALUES (2, NULL, 1, NULL, N'zh-hant', N'姓名');
INSERT INTO tab.translations (type_id, table_id, column_id, row_id, language, name) VALUES (2, NULL, 6, NULL, N'zh-hant', N'姓名');
INSERT INTO tab.translations (type_id, table_id, column_id, row_id, language, name) VALUES (2, NULL, 7, NULL, N'zh-hant', N'姓名');
INSERT INTO tab.translations (type_id, table_id, column_id, row_id, language, name) VALUES (2, NULL, 12, NULL, N'zh-hant', N'日期');
INSERT INTO tab.translations (type_id, table_id, column_id, row_id, language, name) VALUES (2, NULL, 13, NULL, N'zh-hant', N'帳戶');
INSERT INTO tab.translations (type_id, table_id, column_id, row_id, language, name) VALUES (2, NULL, 14, NULL, N'zh-hant', N'項目');
INSERT INTO tab.translations (type_id, table_id, column_id, row_id, language, name) VALUES (2, NULL, 15, NULL, N'zh-hant', N'公司');
INSERT INTO tab.translations (type_id, table_id, column_id, row_id, language, name) VALUES (2, NULL, 16, NULL, N'zh-hant', N'收入');
INSERT INTO tab.translations (type_id, table_id, column_id, row_id, language, name) VALUES (2, NULL, 17, NULL, N'zh-hant', N'花費');
INSERT INTO tab.translations (type_id, table_id, column_id, row_id, language, name) VALUES (3, NULL, 1, 1, N'zh-hant', N'銀行');
INSERT INTO tab.translations (type_id, table_id, column_id, row_id, language, name) VALUES (3, NULL, 6, 2, N'zh-hant', N'营收');
INSERT INTO tab.translations (type_id, table_id, column_id, row_id, language, name) VALUES (3, NULL, 6, 3, N'zh-hant', N'花費');
INSERT INTO tab.translations (type_id, table_id, column_id, row_id, language, name) VALUES (3, NULL, 6, 4, N'zh-hant', N'工資單');
INSERT INTO tab.translations (type_id, table_id, column_id, row_id, language, name) VALUES (3, NULL, 6, 5, N'zh-hant', N'稅收');
INSERT INTO tab.translations (type_id, table_id, column_id, row_id, language, name) VALUES (3, NULL, 7, 6, N'zh-hant', N'客戶 C1');
INSERT INTO tab.translations (type_id, table_id, column_id, row_id, language, name) VALUES (3, NULL, 7, 7, N'zh-hant', N'客戶 C2');
INSERT INTO tab.translations (type_id, table_id, column_id, row_id, language, name) VALUES (3, NULL, 7, 8, N'zh-hant', N'客戶 C3');
INSERT INTO tab.translations (type_id, table_id, column_id, row_id, language, name) VALUES (3, NULL, 7, 9, N'zh-hant', N'客戶 C4');
INSERT INTO tab.translations (type_id, table_id, column_id, row_id, language, name) VALUES (3, NULL, 7, 10, N'zh-hant', N'客戶 C5');
INSERT INTO tab.translations (type_id, table_id, column_id, row_id, language, name) VALUES (3, NULL, 7, 11, N'zh-hant', N'客戶 C6');
INSERT INTO tab.translations (type_id, table_id, column_id, row_id, language, name) VALUES (3, NULL, 7, 12, N'zh-hant', N'客戶 C7');
INSERT INTO tab.translations (type_id, table_id, column_id, row_id, language, name) VALUES (3, NULL, 7, 13, N'zh-hant', N'供應商 S1');
INSERT INTO tab.translations (type_id, table_id, column_id, row_id, language, name) VALUES (3, NULL, 7, 14, N'zh-hant', N'供應商 S2');
INSERT INTO tab.translations (type_id, table_id, column_id, row_id, language, name) VALUES (3, NULL, 7, 15, N'zh-hant', N'供應商 S3');
INSERT INTO tab.translations (type_id, table_id, column_id, row_id, language, name) VALUES (3, NULL, 7, 16, N'zh-hant', N'供應商 S4');
INSERT INTO tab.translations (type_id, table_id, column_id, row_id, language, name) VALUES (3, NULL, 7, 17, N'zh-hant', N'供應商 S5');
INSERT INTO tab.translations (type_id, table_id, column_id, row_id, language, name) VALUES (3, NULL, 7, 18, N'zh-hant', N'供應商 S6');
INSERT INTO tab.translations (type_id, table_id, column_id, row_id, language, name) VALUES (3, NULL, 7, 19, N'zh-hant', N'供應商 S7');
INSERT INTO tab.translations (type_id, table_id, column_id, row_id, language, name) VALUES (3, NULL, 7, 20, N'zh-hant', N'公司所得稅');
INSERT INTO tab.translations (type_id, table_id, column_id, row_id, language, name) VALUES (3, NULL, 7, 21, N'zh-hant', N'個人所得稅');
INSERT INTO tab.translations (type_id, table_id, column_id, row_id, language, name) VALUES (3, NULL, 7, 22, N'zh-hant', N'工資稅');
GO

INSERT INTO tab.workbooks (NAME, TEMPLATE, DEFINITION, TABLE_SCHEMA) VALUES (N'cashbook.xlsx', NULL, N'cashbook=s21.cashbook,tab.xl_app_tables,False,$B$3,,{"Parameters":{"p1":null,"p2":null,"p3":null,"p4":null},"ListObjectName":"cashbook"}
accounts=s21.accounts,tab.xl_app_tables,False,$B$3,,{"Parameters":{},"ListObjectName":"accounts"}
items=s21.items,tab.xl_app_tables,False,$B$3,,{"Parameters":{},"ListObjectName":"items"}
companies=s21.companies,tab.xl_app_tables,False,$B$3,,{"Parameters":{},"ListObjectName":"companies"}', N's21');
INSERT INTO tab.workbooks (NAME, TEMPLATE, DEFINITION, TABLE_SCHEMA) VALUES (N'cashbook-de.xlsx', NULL, N'cashbook=s21.cashbook,tab.xl_app_tables,False,$B$3,,{"Parameters":{"p1":null,"p2":null,"p3":null,"p4":null},"ListObjectName":"cashbook","WorkbookLanguage":"de"}', N's21');
INSERT INTO tab.workbooks (NAME, TEMPLATE, DEFINITION, TABLE_SCHEMA) VALUES (N'cashbook-en.xlsx', NULL, N'cashbook=s21.cashbook,tab.xl_app_tables,False,$B$3,,{"Parameters":{"p1":null,"p2":null,"p3":null,"p4":null},"ListObjectName":"cashbook","WorkbookLanguage":"en"}', N's21');
INSERT INTO tab.workbooks (NAME, TEMPLATE, DEFINITION, TABLE_SCHEMA) VALUES (N'cashbook-es.xlsx', NULL, N'cashbook=s21.cashbook,tab.xl_app_tables,False,$B$3,,{"Parameters":{"p1":null,"p2":null,"p3":null,"p4":null},"ListObjectName":"cashbook","WorkbookLanguage":"es"}', N's21');
INSERT INTO tab.workbooks (NAME, TEMPLATE, DEFINITION, TABLE_SCHEMA) VALUES (N'cashbook-fr.xlsx', NULL, N'cashbook=s21.cashbook,tab.xl_app_tables,False,$B$3,,{"Parameters":{"p1":null,"p2":null,"p3":null,"p4":null},"ListObjectName":"cashbook","WorkbookLanguage":"fr"}', N's21');
INSERT INTO tab.workbooks (NAME, TEMPLATE, DEFINITION, TABLE_SCHEMA) VALUES (N'cashbook-it.xlsx', NULL, N'cashbook=s21.cashbook,tab.xl_app_tables,False,$B$3,,{"Parameters":{"p1":null,"p2":null,"p3":null,"p4":null},"ListObjectName":"cashbook","WorkbookLanguage":"it"}', N's21');
INSERT INTO tab.workbooks (NAME, TEMPLATE, DEFINITION, TABLE_SCHEMA) VALUES (N'cashbook-ja.xlsx', NULL, N'cashbook=s21.cashbook,tab.xl_app_tables,False,$B$3,,{"Parameters":{"p1":null,"p2":null,"p3":null,"p4":null},"ListObjectName":"cashbook","WorkbookLanguage":"ja"}', N's21');
INSERT INTO tab.workbooks (NAME, TEMPLATE, DEFINITION, TABLE_SCHEMA) VALUES (N'cashbook-ko.xlsx', NULL, N'cashbook=s21.cashbook,tab.xl_app_tables,False,$B$3,,{"Parameters":{"p1":null,"p2":null,"p3":null,"p4":null},"ListObjectName":"cashbook","WorkbookLanguage":"ko"}', N's21');
INSERT INTO tab.workbooks (NAME, TEMPLATE, DEFINITION, TABLE_SCHEMA) VALUES (N'cashbook-pt.xlsx', NULL, N'cashbook=s21.cashbook,tab.xl_app_tables,False,$B$3,,{"Parameters":{"p1":null,"p2":null,"p3":null,"p4":null},"ListObjectName":"cashbook","WorkbookLanguage":"pt"}', N's21');
INSERT INTO tab.workbooks (NAME, TEMPLATE, DEFINITION, TABLE_SCHEMA) VALUES (N'cashbook-ru.xlsx', NULL, N'cashbook=s21.cashbook,tab.xl_app_tables,False,$B$3,,{"Parameters":{"p1":null,"p2":null,"p3":null,"p4":null},"ListObjectName":"cashbook","WorkbookLanguage":"ru"}', N's21');
INSERT INTO tab.workbooks (NAME, TEMPLATE, DEFINITION, TABLE_SCHEMA) VALUES (N'cashbook-zh-hans.xlsx', NULL, N'cashbook=s21.cashbook,tab.xl_app_tables,False,$B$3,,{"Parameters":{"p1":null,"p2":null,"p3":null,"p4":null},"ListObjectName":"cashbook","WorkbookLanguage":"zh-hans"}', N's21');
INSERT INTO tab.workbooks (NAME, TEMPLATE, DEFINITION, TABLE_SCHEMA) VALUES (N'cashbook-zh-hant.xlsx', NULL, N'cashbook=s21.cashbook,tab.xl_app_tables,False,$B$3,,{"Parameters":{"p1":null,"p2":null,"p3":null,"p4":null},"ListObjectName":"cashbook","WorkbookLanguage":"zh-hant"}', N's21');
GO

INSERT INTO tab.formats (TABLE_SCHEMA, TABLE_NAME, TABLE_EXCEL_FORMAT_XML) VALUES (N's21', N'accounts', N'<table name="s21.accounts"><columnFormats><column name="" property="ListObjectName" value="dynamic_tables" type="String"/><column name="" property="ShowTotals" value="False" type="Boolean"/><column name="" property="TableStyle.Name" value="TableStyleMedium2" type="String"/><column name="" property="ShowTableStyleColumnStripes" value="False" type="Boolean"/><column name="" property="ShowTableStyleFirstColumn" value="False" type="Boolean"/><column name="" property="ShowShowTableStyleLastColumn" value="False" type="Boolean"/><column name="" property="ShowTableStyleRowStripes" value="True" type="Boolean"/><column name="_RowNum" property="EntireColumn.Hidden" value="True" type="Boolean"/><column name="_RowNum" property="Address" value="$B$4" type="String"/><column name="_RowNum" property="NumberFormat" value="General" type="String"/><column name="id" property="EntireColumn.Hidden" value="False" type="Boolean"/><column name="id" property="Address" value="$C$4" type="String"/><column name="id" property="ColumnWidth" value="4.29" type="Double"/><column name="id" property="NumberFormat" value="General" type="String"/><column name="name" property="EntireColumn.Hidden" value="False" type="Boolean"/><column name="name" property="Address" value="$D$4" type="String"/><column name="name" property="ColumnWidth" value="27.86" type="Double"/><column name="name" property="NumberFormat" value="General" type="String"/><column name="" property="ActiveWindow.DisplayGridlines" value="False" type="Boolean"/><column name="" property="ActiveWindow.FreezePanes" value="True" type="Boolean"/><column name="" property="ActiveWindow.Split" value="True" type="Boolean"/><column name="" property="ActiveWindow.SplitRow" value="0" type="Double"/><column name="" property="ActiveWindow.SplitColumn" value="-2" type="Double"/><column name="" property="PageSetup.Orientation" value="1" type="Double"/><column name="" property="PageSetup.FitToPagesWide" value="1" type="Double"/><column name="" property="PageSetup.FitToPagesTall" value="1" type="Double"/></columnFormats></table>');
INSERT INTO tab.formats (TABLE_SCHEMA, TABLE_NAME, TABLE_EXCEL_FORMAT_XML) VALUES (N's21', N'cashbook', N'<table name="s21.cashbook"><columnFormats><column name="" property="ListObjectName" value="cashbook" type="String"/><column name="" property="ShowTotals" value="False" type="Boolean"/><column name="" property="TableStyle.Name" value="TableStyleMedium2" type="String"/><column name="" property="ShowTableStyleColumnStripes" value="False" type="Boolean"/><column name="" property="ShowTableStyleFirstColumn" value="False" type="Boolean"/><column name="" property="ShowShowTableStyleLastColumn" value="False" type="Boolean"/><column name="" property="ShowTableStyleRowStripes" value="True" type="Boolean"/><column name="_RowNum" property="EntireColumn.Hidden" value="False" type="Boolean"/><column name="_RowNum" property="Address" value="$B$4" type="String"/><column name="_RowNum" property="ColumnWidth" value="0.08" type="Double"/><column name="_RowNum" property="NumberFormat" value="General" type="String"/><column name="id" property="EntireColumn.Hidden" value="True" type="Boolean"/><column name="id" property="Address" value="$C$4" type="String"/><column name="id" property="NumberFormat" value="General" type="String"/><column name="cell_formulas" property="EntireColumn.Hidden" value="True" type="Boolean"/><column name="cell_formulas" property="Address" value="$D$4" type="String"/><column name="cell_formulas" property="NumberFormat" value="General" type="String"/><column name="cell_comments" property="EntireColumn.Hidden" value="True" type="Boolean"/><column name="cell_comments" property="Address" value="$E$4" type="String"/><column name="cell_comments" property="NumberFormat" value="General" type="String"/><column name="date" property="EntireColumn.Hidden" value="False" type="Boolean"/><column name="date" property="Address" value="$F$4" type="String"/><column name="date" property="ColumnWidth" value="11.43" type="Double"/><column name="date" property="NumberFormat" value="m/d/yyyy" type="String"/><column name="account_id" property="EntireColumn.Hidden" value="False" type="Boolean"/><column name="account_id" property="Address" value="$G$4" type="String"/><column name="account_id" property="ColumnWidth" value="13.57" type="Double"/><column name="account_id" property="NumberFormat" value="General" type="String"/><column name="item_id" property="EntireColumn.Hidden" value="False" type="Boolean"/><column name="item_id" property="Address" value="$H$4" type="String"/><column name="item_id" property="ColumnWidth" value="27.86" type="Double"/><column name="item_id" property="NumberFormat" value="General" type="String"/><column name="company_id" property="EntireColumn.Hidden" value="False" type="Boolean"/><column name="company_id" property="Address" value="$I$4" type="String"/><column name="company_id" property="ColumnWidth" value="27.86" type="Double"/><column name="company_id" property="NumberFormat" value="General" type="String"/><column name="debit" property="EntireColumn.Hidden" value="False" type="Boolean"/><column name="debit" property="Address" value="$J$4" type="String"/><column name="debit" property="ColumnWidth" value="12.14" type="Double"/><column name="debit" property="NumberFormat" value="#,##0_ ;[Red]-#,##0 " type="String"/><column name="credit" property="EntireColumn.Hidden" value="False" type="Boolean"/><column name="credit" property="Address" value="$K$4" type="String"/><column name="credit" property="ColumnWidth" value="12.14" type="Double"/><column name="credit" property="NumberFormat" value="#,##0_ ;[Red]-#,##0 " type="String"/><column name="" property="ActiveWindow.DisplayGridlines" value="False" type="Boolean"/><column name="" property="ActiveWindow.FreezePanes" value="True" type="Boolean"/><column name="" property="ActiveWindow.Split" value="True" type="Boolean"/><column name="" property="ActiveWindow.SplitRow" value="0" type="Double"/><column name="" property="ActiveWindow.SplitColumn" value="-2" type="Double"/><column name="" property="PageSetup.Orientation" value="1" type="Double"/><column name="" property="PageSetup.FitToPagesWide" value="1" type="Double"/><column name="" property="PageSetup.FitToPagesTall" value="1" type="Double"/></columnFormats><views><view name="All rows"><column name="" property="ListObjectName" value="cashbook" type="String"/><column name="" property="ShowTotals" value="False" type="Boolean"/><column name="_RowNum" property="EntireColumn.Hidden" value="False" type="Boolean"/><column name="id" property="EntireColumn.Hidden" value="True" type="Boolean"/><column name="cell_formulas" property="EntireColumn.Hidden" value="True" type="Boolean"/><column name="cell_comments" property="EntireColumn.Hidden" value="True" type="Boolean"/><column name="date" property="EntireColumn.Hidden" value="False" type="Boolean"/><column name="account_id" property="EntireColumn.Hidden" value="False" type="Boolean"/><column name="item_id" property="EntireColumn.Hidden" value="False" type="Boolean"/><column name="company_id" property="EntireColumn.Hidden" value="False" type="Boolean"/><column name="debit" property="EntireColumn.Hidden" value="False" type="Boolean"/><column name="credit" property="EntireColumn.Hidden" value="False" type="Boolean"/></view><view name="Incomes"><column name="" property="ListObjectName" value="cashbook" type="String"/><column name="" property="ShowTotals" value="False" type="Boolean"/><column name="_RowNum" property="EntireColumn.Hidden" value="False" type="Boolean"/><column name="id" property="EntireColumn.Hidden" value="True" type="Boolean"/><column name="cell_formulas" property="EntireColumn.Hidden" value="True" type="Boolean"/><column name="cell_comments" property="EntireColumn.Hidden" value="True" type="Boolean"/><column name="date" property="EntireColumn.Hidden" value="False" type="Boolean"/><column name="account_id" property="EntireColumn.Hidden" value="False" type="Boolean"/><column name="item_id" property="EntireColumn.Hidden" value="False" type="Boolean"/><column name="company_id" property="EntireColumn.Hidden" value="False" type="Boolean"/><column name="debit" property="EntireColumn.Hidden" value="False" type="Boolean"/><column name="credit" property="EntireColumn.Hidden" value="False" type="Boolean"/><column name="debit" property="AutoFilter.Criteria1" value="&gt;0" type="String"/></view><view name="Expenses"><column name="" property="ListObjectName" value="cashbook" type="String"/><column name="" property="ShowTotals" value="False" type="Boolean"/><column name="_RowNum" property="EntireColumn.Hidden" value="False" type="Boolean"/><column name="id" property="EntireColumn.Hidden" value="True" type="Boolean"/><column name="cell_formulas" property="EntireColumn.Hidden" value="True" type="Boolean"/><column name="cell_comments" property="EntireColumn.Hidden" value="True" type="Boolean"/><column name="date" property="EntireColumn.Hidden" value="False" type="Boolean"/><column name="account_id" property="EntireColumn.Hidden" value="False" type="Boolean"/><column name="item_id" property="EntireColumn.Hidden" value="False" type="Boolean"/><column name="company_id" property="EntireColumn.Hidden" value="False" type="Boolean"/><column name="debit" property="EntireColumn.Hidden" value="False" type="Boolean"/><column name="credit" property="EntireColumn.Hidden" value="False" type="Boolean"/><column name="credit" property="AutoFilter.Criteria1" value="&gt;0" type="String"/></view></views></table>');
INSERT INTO tab.formats (TABLE_SCHEMA, TABLE_NAME, TABLE_EXCEL_FORMAT_XML) VALUES (N's21', N'companies', N'<table name="s21.companies"><columnFormats><column name="" property="ListObjectName" value="dynamic_tables" type="String"/><column name="" property="ShowTotals" value="False" type="Boolean"/><column name="" property="TableStyle.Name" value="TableStyleMedium2" type="String"/><column name="" property="ShowTableStyleColumnStripes" value="False" type="Boolean"/><column name="" property="ShowTableStyleFirstColumn" value="False" type="Boolean"/><column name="" property="ShowShowTableStyleLastColumn" value="False" type="Boolean"/><column name="" property="ShowTableStyleRowStripes" value="True" type="Boolean"/><column name="_RowNum" property="EntireColumn.Hidden" value="False" type="Boolean"/><column name="_RowNum" property="Address" value="$B$4" type="String"/><column name="_RowNum" property="ColumnWidth" value="0.08" type="Double"/><column name="_RowNum" property="NumberFormat" value="General" type="String"/><column name="id" property="EntireColumn.Hidden" value="False" type="Boolean"/><column name="id" property="Address" value="$C$4" type="String"/><column name="id" property="ColumnWidth" value="4.29" type="Double"/><column name="id" property="NumberFormat" value="General" type="String"/><column name="name" property="EntireColumn.Hidden" value="False" type="Boolean"/><column name="name" property="Address" value="$D$4" type="String"/><column name="name" property="ColumnWidth" value="27.86" type="Double"/><column name="name" property="NumberFormat" value="General" type="String"/><column name="SortFields(1)" property="KeyfieldName" value="name" type="String"/><column name="SortFields(1)" property="SortOn" value="0" type="Double"/><column name="SortFields(1)" property="Order" value="1" type="Double"/><column name="SortFields(1)" property="DataOption" value="2" type="Double"/><column name="" property="ActiveWindow.DisplayGridlines" value="False" type="Boolean"/><column name="" property="ActiveWindow.FreezePanes" value="True" type="Boolean"/><column name="" property="ActiveWindow.Split" value="True" type="Boolean"/><column name="" property="ActiveWindow.SplitRow" value="0" type="Double"/><column name="" property="ActiveWindow.SplitColumn" value="-2" type="Double"/><column name="" property="PageSetup.Orientation" value="1" type="Double"/><column name="" property="PageSetup.FitToPagesWide" value="1" type="Double"/><column name="" property="PageSetup.FitToPagesTall" value="1" type="Double"/></columnFormats></table>');
INSERT INTO tab.formats (TABLE_SCHEMA, TABLE_NAME, TABLE_EXCEL_FORMAT_XML) VALUES (N's21', N'items', N'<table name="s21.items"><columnFormats><column name="" property="ListObjectName" value="dynamic_tables" type="String"/><column name="" property="ShowTotals" value="False" type="Boolean"/><column name="" property="TableStyle.Name" value="TableStyleMedium2" type="String"/><column name="" property="ShowTableStyleColumnStripes" value="False" type="Boolean"/><column name="" property="ShowTableStyleFirstColumn" value="False" type="Boolean"/><column name="" property="ShowShowTableStyleLastColumn" value="False" type="Boolean"/><column name="" property="ShowTableStyleRowStripes" value="True" type="Boolean"/><column name="_RowNum" property="EntireColumn.Hidden" value="False" type="Boolean"/><column name="_RowNum" property="Address" value="$B$4" type="String"/><column name="_RowNum" property="ColumnWidth" value="0.08" type="Double"/><column name="_RowNum" property="NumberFormat" value="General" type="String"/><column name="id" property="EntireColumn.Hidden" value="False" type="Boolean"/><column name="id" property="Address" value="$C$4" type="String"/><column name="id" property="ColumnWidth" value="4.29" type="Double"/><column name="id" property="NumberFormat" value="General" type="String"/><column name="name" property="EntireColumn.Hidden" value="False" type="Boolean"/><column name="name" property="Address" value="$D$4" type="String"/><column name="name" property="ColumnWidth" value="27.86" type="Double"/><column name="name" property="NumberFormat" value="General" type="String"/><column name="SortFields(1)" property="KeyfieldName" value="name" type="String"/><column name="SortFields(1)" property="SortOn" value="0" type="Double"/><column name="SortFields(1)" property="Order" value="1" type="Double"/><column name="SortFields(1)" property="DataOption" value="2" type="Double"/><column name="" property="ActiveWindow.DisplayGridlines" value="False" type="Boolean"/><column name="" property="ActiveWindow.FreezePanes" value="True" type="Boolean"/><column name="" property="ActiveWindow.Split" value="True" type="Boolean"/><column name="" property="ActiveWindow.SplitRow" value="0" type="Double"/><column name="" property="ActiveWindow.SplitColumn" value="-2" type="Double"/><column name="" property="PageSetup.Orientation" value="1" type="Double"/><column name="" property="PageSetup.FitToPagesWide" value="1" type="Double"/><column name="" property="PageSetup.FitToPagesTall" value="1" type="Double"/></columnFormats></table>');
GO

print 'Application installed';
